    -1
    15
      4001         0         0        11  3.08268E+01  3.96836E+00 -1.00394E+00
      4002         0         0        11  3.08268E+01  6.97233E+00 -1.00394E+00
      4003         0         0        11  3.08268E+01  9.97631E+00 -1.00394E+00
      4004         0         0        11  3.08268E+01  1.29803E+01 -1.00394E+00
      4005         0         0        11  3.08268E+01  3.96836E+00 -1.46665E-07
      4006         0         0        11  3.08268E+01  6.97233E+00 -1.46665E-07
      4007         0         0        11  3.08268E+01  9.97631E+00  0.00000E+00
      4008         0         0        11  3.08268E+01  1.29803E+01 -1.46665E-07
      5005         0         0        11 -3.08268E+01  3.96836E+00 -1.46665E-07
      5006         0         0        11 -3.08268E+01  6.97233E+00 -1.46665E-07
      5007         0         0        11 -3.08268E+01  9.97631E+00  0.00000E+00
      5008         0         0        11 -3.08268E+01  1.29803E+01 -1.46665E-07
      5009         0         0        11 -3.08268E+01  3.96836E+00 -1.00394E+00
      5010         0         0        11 -3.08268E+01  6.97233E+00 -1.00394E+00
      5011         0         0        11 -3.08268E+01  9.97631E+00 -1.00394E+00
      5012         0         0        11 -3.08268E+01  1.29803E+01 -1.00394E+00
         3         0         0        11  4.70079E+01  1.59843E+01 -2.00787E+00
       252         0         0        11  4.68110E+01  1.35906E+01 -2.00787E+00
       253         0         0        11  4.66142E+01  1.11968E+01 -2.00787E+00
       254         0         0        11  4.64173E+01  8.80315E+00 -2.00787E+00
       255         0         0        11  4.62205E+01  6.40945E+00 -2.00787E+00
       256         0         0        11  4.60236E+01  4.01575E+00 -2.00787E+00
       247         0         0        11  4.54859E+01  1.35502E+01 -1.10245E+00
         2         0         0        11  4.55913E+01  1.59843E+01 -1.05186E+00
         5         0         0        11  4.48035E+01  1.59843E+01 -1.52987E+00
         6         0         0        11  4.55118E+01  1.59843E+01 -2.00787E+00
       248         0         0        11  4.53804E+01  1.11162E+01 -1.15304E+00
       249         0         0        11  4.52750E+01  8.68219E+00 -1.20363E+00
       250         0         0        11  4.51695E+01  6.24818E+00 -1.25422E+00
       251         0         0        11  4.50641E+01  3.81416E+00 -1.30481E+00
       259         0         0        11  4.50197E+01  3.81416E+00 -2.00787E+00
       260         0         0        11  4.50419E+01  3.81416E+00 -1.65634E+00
         1         0         0        11  4.40158E+01  1.59843E+01 -3.89836E-01
       246         0         0        11  4.40158E+01  1.35099E+01 -4.60399E-01
       244         0         0        11  4.40158E+01  1.10356E+01 -5.30963E-01
         4         0         0        11  4.40158E+01  1.59843E+01 -1.19886E+00
       242         0         0        11  4.40158E+01  8.56124E+00 -6.01526E-01
       240         0         0        11  4.40158E+01  6.08690E+00 -6.72090E-01
       238         0         0        11  4.40158E+01  3.61257E+00 -7.42653E-01
       258         0         0        11  4.40158E+01  3.61257E+00 -1.37526E+00
         7         0         0        11  4.40158E+01  1.59843E+01 -2.00787E+00
       257         0         0        11  4.40158E+01  3.61257E+00 -2.00787E+00
         8         0         0        11  4.27702E+01  1.59843E+01 -1.02536E-01
         9         0         0        11  4.27631E+01  1.59843E+01 -1.05520E+00
       245         0         0        11  4.26766E+01  1.34411E+01 -1.18557E-01
       243         0         0        11  4.25830E+01  1.08980E+01 -1.34578E-01
       241         0         0        11  4.24894E+01  8.35480E+00 -1.50599E-01
        10         0         0        11  4.27559E+01  1.59843E+01 -2.00787E+00
       239         0         0        11  4.23958E+01  5.81164E+00 -1.66619E-01
       237         0         0        11  4.23022E+01  3.26849E+00 -1.82640E-01
       261         0         0        11  4.22830E+01  3.26463E+00 -1.09526E+00
       262         0         0        11  4.22638E+01  3.26077E+00 -2.00787E+00
      1012         0         0        11  4.40158E+01  1.35099E+01 -2.00787E+00
      1011         0         0        11  4.26575E+01  1.34396E+01 -2.00787E+00
      1003         0         0        11  4.40158E+01  6.08690E+00 -2.00787E+00
      1002         0         0        11  4.23622E+01  5.80547E+00 -2.00787E+00
        12         0         0        11  4.14961E+01  1.59843E+01 -1.00394E+00
        13         0         0        11  4.14961E+01  1.59843E+01 -2.00787E+00
        11         0         0        11  4.14961E+01  1.59843E+01 -2.73185E-16
       236         0         0        11  4.12992E+01  1.33692E+01  0.00000E+00
       232         0         0        11  4.11024E+01  1.07541E+01  0.00000E+00
       228         0         0        11  4.09055E+01  8.13909E+00  0.00000E+00
       224         0         0        11  4.07087E+01  5.52403E+00  0.00000E+00
      1008         0         0        11  4.25591E+01  1.08949E+01 -2.00787E+00
      1009         0         0        11  4.40158E+01  1.10356E+01 -2.00787E+00
      1005         0         0        11  4.24606E+01  8.35016E+00 -2.00787E+00
      1006         0         0        11  4.40158E+01  8.56124E+00 -2.00787E+00
      1010         0         0        11  4.12992E+01  1.33692E+01 -2.00787E+00
      1007         0         0        11  4.11024E+01  1.07541E+01 -2.00787E+00
      1004         0         0        11  4.09055E+01  8.13909E+00 -2.00787E+00
      1001         0         0        11  4.07087E+01  5.52403E+00 -2.00787E+00
       264         0         0        11  4.05118E+01  2.90898E+00 -2.00787E+00
       263         0         0        11  4.05118E+01  2.90898E+00 -1.00394E+00
       196         0         0        11  4.05118E+01  2.90898E+00  0.00000E+00
        17         0         0        11  3.88287E+01  1.59843E+01  0.00000E+00
        21         0         0        11  3.88287E+01  1.59843E+01 -1.00394E+00
        25         0         0        11  3.88287E+01  1.59843E+01 -2.00787E+00
      1028         0         0        11  3.86811E+01  1.32720E+01 -2.00787E+00
       219         0         0        11  3.55331E+01  1.35387E+01  0.00000E+00
       220         0         0        11  3.75787E+01  1.35387E+01  0.00000E+00
       235         0         0        11  3.74475E+01  1.15250E+01  0.00000E+00
       231         0         0        11  3.73163E+01  9.51129E+00  0.00000E+00
       227         0         0        11  3.71850E+01  7.49758E+00  0.00000E+00
       223         0         0        11  3.70538E+01  5.48387E+00  0.00000E+00
       200         0         0        11  3.69226E+01  3.47016E+00  0.00000E+00
      1024         0         0        11  3.85335E+01  1.05597E+01 -2.00787E+00
      1020         0         0        11  3.83858E+01  7.84740E+00 -2.00787E+00
      1016         0         0        11  3.82382E+01  5.13511E+00 -2.00787E+00
       265         0         0        11  3.80905E+01  2.42283E+00 -2.00787E+00
       269         0         0        11  3.80905E+01  2.42283E+00 -1.00394E+00
       195         0         0        11  3.80905E+01  2.42283E+00  0.00000E+00
       199         0         0        11  3.50410E+01  3.14606E+00  0.00000E+00
        24         0         0        11  3.61614E+01  1.59843E+01 -2.00787E+00
        20         0         0        11  3.61614E+01  1.59843E+01 -1.00394E+00
        16         0         0        11  3.61614E+01  1.59843E+01  0.00000E+00
       218         0         0        11  3.34875E+01  1.35387E+01  0.00000E+00
      4010         0         0        11  3.61614E+01  1.59843E+01 -2.00787E+00
      1027         0         0        11  3.60630E+01  1.31747E+01 -2.00787E+00
      1023         0         0        11  3.59646E+01  1.03652E+01 -2.00787E+00
       214         0         0        11  3.08137E+01  1.10932E+01  0.00000E+00
       215         0         0        11  3.22375E+01  1.10932E+01  0.00000E+00
       216         0         0        11  3.36614E+01  1.10932E+01  0.00000E+00
       234         0         0        11  3.35958E+01  9.68081E+00  0.00000E+00
       230         0         0        11  3.35302E+01  8.26844E+00  0.00000E+00
       226         0         0        11  3.34646E+01  6.85607E+00  0.00000E+00
       222         0         0        11  3.33989E+01  5.44371E+00  0.00000E+00
       204         0         0        11  3.33333E+01  4.03134E+00  0.00000E+00
       203         0         0        11  3.19915E+01  3.86929E+00  0.00000E+00
       210         0         0        11  2.81398E+01  8.64764E+00  0.00000E+00
       211         0         0        11  2.89419E+01  8.64764E+00  0.00000E+00
       212         0         0        11  2.97441E+01  8.64764E+00  0.00000E+00
       233         0         0        11  2.97441E+01  7.83662E+00  0.00000E+00
       229         0         0        11  2.97441E+01  7.02559E+00  0.00000E+00
       225         0         0        11  2.97441E+01  6.21457E+00  0.00000E+00
       221         0         0        11  2.97441E+01  5.40354E+00  0.00000E+00
       208         0         0        11  2.97441E+01  4.59252E+00  0.00000E+00
       207         0         0        11  2.89419E+01  4.59252E+00  0.00000E+00
      1019         0         0        11  3.58661E+01  7.55571E+00 -2.00787E+00
      1015         0         0        11  3.57677E+01  4.74620E+00 -2.00787E+00
      4011         0         0        11  3.56693E+01  1.93668E+00 -2.00787E+00
       266         0         0        11  3.56693E+01  1.93668E+00 -2.00787E+00
       270         0         0        11  3.56693E+01  1.93668E+00 -1.00394E+00
       194         0         0        11  3.56693E+01  1.93668E+00  0.00000E+00
       198         0         0        11  3.31595E+01  2.82196E+00  0.00000E+00
       202         0         0        11  3.06496E+01  3.70724E+00  0.00000E+00
       206         0         0        11  2.81398E+01  4.59252E+00  0.00000E+00
        23         0         0        11  3.34941E+01  1.59843E+01 -2.00787E+00
        19         0         0        11  3.34941E+01  1.59843E+01 -1.00394E+00
        15         0         0        11  3.34941E+01  1.59843E+01  0.00000E+00
       217         0         0        11  3.14419E+01  1.35387E+01  0.00000E+00
       213         0         0        11  2.93898E+01  1.10932E+01  0.00000E+00
       209         0         0        11  2.73376E+01  8.64764E+00  0.00000E+00
      4009         0         0        11  3.34941E+01  1.59843E+01 -2.00787E+00
      1026         0         0        11  3.34449E+01  1.30775E+01 -2.00787E+00
      1022         0         0        11  3.33957E+01  1.01708E+01 -2.00787E+00
      1018         0         0        11  3.33465E+01  7.26402E+00 -2.00787E+00
      1025         0         0        11  3.08268E+01  1.29803E+01 -2.00787E+00
      1021         0         0        11  3.08268E+01  9.97631E+00 -2.00787E+00
      1017         0         0        11  3.08268E+01  6.97233E+00 -2.00787E+00
      1014         0         0        11  3.32972E+01  4.35728E+00 -2.00787E+00
      4012         0         0        11  3.32480E+01  1.45053E+00 -2.00787E+00
      1013         0         0        11  3.08268E+01  3.96836E+00 -2.00787E+00
       267         0         0        11  3.32480E+01  1.45053E+00 -2.00787E+00
       271         0         0        11  3.32480E+01  1.45053E+00 -1.00394E+00
       193         0         0        11  3.32480E+01  1.45053E+00  0.00000E+00
       197         0         0        11  3.12779E+01  2.49786E+00  0.00000E+00
       201         0         0        11  2.93077E+01  3.54519E+00  0.00000E+00
       205         0         0        11  2.73376E+01  4.59252E+00  0.00000E+00
        22         0         0        11  3.08268E+01  1.59843E+01 -2.00787E+00
        18         0         0        11  3.08268E+01  1.59843E+01 -1.00394E+00
        14         0         0        11  3.08268E+01  1.59843E+01  0.00000E+00
       192         0         0        11  2.93963E+01  1.35387E+01  0.00000E+00
       188         0         0        11  2.79659E+01  1.10932E+01  0.00000E+00
       184         0         0        11  2.65354E+01  8.64764E+00  0.00000E+00
       268         0         0        11  3.08268E+01  9.64386E-01 -2.00787E+00
       272         0         0        11  3.08268E+01  9.64386E-01 -1.00394E+00
       168         0         0        11  3.08268E+01  9.64386E-01  0.00000E+00
       172         0         0        11  2.93963E+01  2.17376E+00  0.00000E+00
       176         0         0        11  2.79659E+01  3.38314E+00  0.00000E+00
       180         0         0        11  2.65354E+01  4.59252E+00  0.00000E+00
        37         0         0        11  2.78543E+01  1.59843E+01 -2.00787E+00
        33         0         0        11  2.78543E+01  1.59843E+01 -1.00394E+00
        29         0         0        11  2.78543E+01  1.59843E+01  0.00000E+00
       191         0         0        11  2.71473E+01  1.35387E+01  0.00000E+00
       187         0         0        11  2.64403E+01  1.10932E+01  0.00000E+00
       183         0         0        11  2.57333E+01  8.64764E+00  0.00000E+00
       280         0         0        11  2.78890E+01  3.74533E-01 -2.00787E+00
       276         0         0        11  2.78890E+01  3.74533E-01 -1.00394E+00
       167         0         0        11  2.78890E+01  3.74534E-01  0.00000E+00
       171         0         0        11  2.71704E+01  1.78053E+00  0.00000E+00
       175         0         0        11  2.64519E+01  3.18652E+00  0.00000E+00
       179         0         0        11  2.57333E+01  4.59252E+00  0.00000E+00
        36         0         0        11  2.48819E+01  1.59843E+01 -2.00787E+00
        32         0         0        11  2.48819E+01  1.59843E+01 -1.00394E+00
        28         0         0        11  2.48819E+01  1.59843E+01  0.00000E+00
       190         0         0        11  2.48983E+01  1.35387E+01  0.00000E+00
       186         0         0        11  2.49147E+01  1.10932E+01  0.00000E+00
       182         0         0        11  2.49311E+01  8.64764E+00  0.00000E+00
       279         0         0        11  2.49298E+01  0.00000E+00 -2.00787E+00
       275         0         0        11  2.49298E+01  0.00000E+00 -1.00394E+00
       166         0         0        11  2.49298E+01  0.00000E+00  0.00000E+00
       170         0         0        11  2.49303E+01  1.53084E+00  0.00000E+00
       174         0         0        11  2.49307E+01  3.06168E+00  0.00000E+00
       178         0         0        11  2.49311E+01  4.59252E+00  0.00000E+00
        35         0         0        11  2.19095E+01  1.59843E+01 -2.00787E+00
        31         0         0        11  2.19095E+01  1.59843E+01 -1.00394E+00
        27         0         0        11  2.19095E+01  1.59843E+01  0.00000E+00
       189         0         0        11  2.26493E+01  1.35387E+01  0.00000E+00
       185         0         0        11  2.33891E+01  1.10932E+01  0.00000E+00
       181         0         0        11  2.41289E+01  8.64764E+00  0.00000E+00
       278         0         0        11  2.19334E+01  0.00000E+00 -2.00787E+00
       274         0         0        11  2.19334E+01  0.00000E+00 -1.00394E+00
       165         0         0        11  2.19334E+01  0.00000E+00  0.00000E+00
       169         0         0        11  2.26653E+01  1.53084E+00  0.00000E+00
       177         0         0        11  2.41289E+01  4.59252E+00  0.00000E+00
       173         0         0        11  2.33971E+01  3.06168E+00  0.00000E+00
        34         0         0        11  1.89370E+01  1.59843E+01 -2.00787E+00
        30         0         0        11  1.89370E+01  1.59843E+01 -1.00394E+00
        26         0         0        11  1.89370E+01  1.59843E+01  0.00000E+00
       164         0         0        11  2.04003E+01  1.35387E+01  0.00000E+00
       160         0         0        11  2.18635E+01  1.10932E+01  0.00000E+00
       156         0         0        11  2.33268E+01  8.64764E+00  0.00000E+00
       147         0         0        11  2.33268E+01  4.59252E+00  0.00000E+00
       153         0         0        11  2.33268E+01  7.29593E+00  0.00000E+00
       146         0         0        11  2.18635E+01  3.06168E+00  0.00000E+00
       145         0         0        11  2.04003E+01  1.53084E+00  0.00000E+00
       149         0         0        11  2.16448E+01  4.90836E+00  0.00000E+00
       152         0         0        11  2.14261E+01  6.75503E+00  0.00000E+00
       155         0         0        11  2.12073E+01  8.60171E+00  0.00000E+00
       159         0         0        11  2.02318E+01  1.04552E+01  0.00000E+00
       163         0         0        11  1.92563E+01  1.23086E+01  0.00000E+00
       132         0         0        11  1.82808E+01  1.41621E+01  0.00000E+00
       277         0         0        11  1.89370E+01  0.00000E+00 -2.00787E+00
       273         0         0        11  1.89370E+01  0.00000E+00 -1.00394E+00
       135         0         0        11  1.89370E+01  0.00000E+00  0.00000E+00
        46         0         0        11  1.62336E+01  1.59843E+01 -2.00787E+00
        43         0         0        11  1.62336E+01  1.59843E+01 -1.00394E+00
        40         0         0        11  1.62336E+01  1.59843E+01  0.00000E+00
       131         0         0        11  1.62511E+01  1.41621E+01  0.00000E+00
       150         0         0        11  2.33268E+01  5.94423E+00  0.00000E+00
       148         0         0        11  1.99628E+01  3.87248E+00  0.00000E+00
       138         0         0        11  1.82808E+01  2.83661E+00  0.00000E+00
       151         0         0        11  1.95254E+01  6.21413E+00  0.00000E+00
       154         0         0        11  1.90879E+01  8.55577E+00  0.00000E+00
       158         0         0        11  1.86002E+01  9.81715E+00  0.00000E+00
       162         0         0        11  1.81124E+01  1.10785E+01  0.00000E+00
       129         0         0        11  1.76247E+01  1.23399E+01  0.00000E+00
       128         0         0        11  1.62686E+01  1.23399E+01  0.00000E+00
       286         0         0        11  1.62336E+01  0.00000E+00 -2.00787E+00
       283         0         0        11  1.62336E+01  0.00000E+00 -1.00394E+00
       134         0         0        11  1.62336E+01  0.00000E+00  0.00000E+00
       137         0         0        11  1.62511E+01  2.83661E+00  0.00000E+00
        45         0         0        11  1.35302E+01  1.59843E+01 -2.00787E+00
        42         0         0        11  1.35302E+01  1.59843E+01 -1.00394E+00
        39         0         0        11  1.35302E+01  1.59843E+01  0.00000E+00
       130         0         0        11  1.42213E+01  1.41621E+01  0.00000E+00
       127         0         0        11  1.49125E+01  1.23399E+01  0.00000E+00
       157         0         0        11  1.69685E+01  9.17913E+00  0.00000E+00
       161         0         0        11  1.69685E+01  9.84842E+00  0.00000E+00
       126         0         0        11  1.69685E+01  1.05177E+01  0.00000E+00
       125         0         0        11  1.62861E+01  1.05177E+01  0.00000E+00
       124         0         0        11  1.56037E+01  1.05177E+01  0.00000E+00
       141         0         0        11  1.76247E+01  5.67323E+00  0.00000E+00
       144         0         0        11  1.69685E+01  8.50984E+00  0.00000E+00
       140         0         0        11  1.62686E+01  5.67323E+00  0.00000E+00
       285         0         0        11  1.35302E+01  0.00000E+00 -2.00787E+00
       282         0         0        11  1.35302E+01  0.00000E+00 -1.00394E+00
       133         0         0        11  1.35302E+01  0.00000E+00  0.00000E+00
       136         0         0        11  1.42213E+01  2.83661E+00  0.00000E+00
       139         0         0        11  1.49125E+01  5.67323E+00  0.00000E+00
        44         0         0        11  1.08268E+01  1.59843E+01 -2.00787E+00
        41         0         0        11  1.08268E+01  1.59843E+01 -1.00394E+00
       123         0         0        11  1.49213E+01  1.05177E+01  0.00000E+00
       122         0         0        11  1.35564E+01  1.23399E+01  0.00000E+00
       121         0         0        11  1.21916E+01  1.41621E+01  0.00000E+00
        38         0         0        11  1.08268E+01  1.59843E+01  0.00000E+00
       143         0         0        11  1.62861E+01  8.50984E+00  0.00000E+00
       142         0         0        11  1.56037E+01  8.50984E+00  0.00000E+00
       284         0         0        11  1.08268E+01  0.00000E+00 -2.00787E+00
       281         0         0        11  1.08268E+01  0.00000E+00 -1.00394E+00
       108         0         0        11  1.49213E+01  8.50984E+00  0.00000E+00
       107         0         0        11  1.35564E+01  5.67323E+00  0.00000E+00
       106         0         0        11  1.21916E+01  2.83661E+00  0.00000E+00
        58         0         0        11  8.12008E+00  1.59843E+01 -2.00787E+00
        54         0         0        11  8.12008E+00  1.59843E+01 -1.00394E+00
        50         0         0        11  8.12008E+00  1.59843E+01  0.00000E+00
       120         0         0        11  1.49213E+01  1.01161E+01  0.00000E+00
       119         0         0        11  1.35564E+01  1.10066E+01  0.00000E+00
       118         0         0        11  1.21916E+01  1.18970E+01  0.00000E+00
       105         0         0        11  1.08268E+01  1.27874E+01  0.00000E+00
        77         0         0        11  1.08268E+01  0.00000E+00  0.00000E+00
        72         0         0        11  6.36811E+00  1.26509E+01  0.00000E+00
        73         0         0        11  8.49081E+00  1.26509E+01  0.00000E+00
       104         0         0        11  8.49081E+00  1.02651E+01  0.00000E+00
       292         0         0        11  7.21785E+00  0.00000E+00 -2.00787E+00
       289         0         0        11  7.21785E+00  0.00000E+00 -1.00394E+00
        76         0         0        11  7.21785E+00  0.00000E+00  0.00000E+00
       111         0         0        11  1.49213E+01  8.91142E+00  0.00000E+00
       117         0         0        11  1.49213E+01  9.71457E+00  0.00000E+00
       110         0         0        11  1.35564E+01  7.00656E+00  0.00000E+00
       116         0         0        11  1.35564E+01  9.67323E+00  0.00000E+00
       109         0         0        11  1.21916E+01  5.10171E+00  0.00000E+00
       115         0         0        11  1.21916E+01  9.63189E+00  0.00000E+00
        93         0         0        11  1.08268E+01  3.19685E+00  0.00000E+00
       101         0         0        11  1.08268E+01  9.59055E+00  0.00000E+00
       100         0         0        11  8.49081E+00  7.87927E+00  0.00000E+00
        57         0         0        11  5.41339E+00  1.59843E+01 -2.00787E+00
        53         0         0        11  5.41339E+00  1.59843E+01 -1.00394E+00
        49         0         0        11  5.41339E+00  1.59843E+01  0.00000E+00
        71         0         0        11  4.24541E+00  1.26509E+01  0.00000E+00
        92         0         0        11  8.49081E+00  3.10761E+00  0.00000E+00
        81         0         0        11  8.49081E+00  7.21785E-01  0.00000E+00
        80         0         0        11  5.66054E+00  7.21785E-01  0.00000E+00
        66         0         0        11  3.07743E+00  9.31758E+00  0.00000E+00
        67         0         0        11  4.61614E+00  9.31759E+00  0.00000E+00
        68         0         0        11  6.15486E+00  9.31758E+00  0.00000E+00
       103         0         0        11  6.15486E+00  7.74278E+00  0.00000E+00
        99         0         0        11  6.15486E+00  6.16798E+00  0.00000E+00
       113         0         0        11  1.35564E+01  8.33990E+00  0.00000E+00
       114         0         0        11  1.49213E+01  9.31299E+00  0.00000E+00
       112         0         0        11  1.21916E+01  7.36680E+00  0.00000E+00
        97         0         0        11  1.08268E+01  6.39370E+00  0.00000E+00
        96         0         0        11  8.49081E+00  5.49344E+00  0.00000E+00
        61         0         0        11  1.90945E+00  5.98425E+00  0.00000E+00
        62         0         0        11  2.86417E+00  5.98425E+00  0.00000E+00
        63         0         0        11  3.81890E+00  5.98425E+00  0.00000E+00
       102         0         0        11  3.81890E+00  5.22047E+00  0.00000E+00
        98         0         0        11  3.81890E+00  4.45669E+00  0.00000E+00
        95         0         0        11  6.15486E+00  4.59318E+00  0.00000E+00
        94         0         0        11  3.81890E+00  3.69291E+00  0.00000E+00
        91         0         0        11  6.15486E+00  3.01837E+00  0.00000E+00
        85         0         0        11  6.15486E+00  1.44357E+00  0.00000E+00
        84         0         0        11  4.10324E+00  1.44357E+00  0.00000E+00
       291         0         0        11  3.60892E+00  0.00000E+00 -2.00787E+00
       288         0         0        11  3.60892E+00  0.00000E+00 -1.00394E+00
        75         0         0        11  3.60892E+00  0.00000E+00  0.00000E+00
        79         0         0        11  2.83027E+00  7.21785E-01  0.00000E+00
        83         0         0        11  2.05162E+00  1.44357E+00  0.00000E+00
        56         0         0        11  2.70669E+00  1.59843E+01 -2.00787E+00
        52         0         0        11  2.70669E+00  1.59843E+01 -1.00394E+00
        48         0         0        11  2.70669E+00  1.59843E+01  0.00000E+00
        70         0         0        11  2.12270E+00  1.26509E+01  0.00000E+00
        65         0         0        11  1.53871E+00  9.31758E+00  0.00000E+00
        60         0         0        11  9.54724E-01  5.98425E+00  0.00000E+00
        90         0         0        11  3.81890E+00  2.92913E+00  0.00000E+00
        89         0         0        11  3.81890E+00  2.16535E+00  0.00000E+00
        88         0         0        11  2.54593E+00  2.16535E+00  0.00000E+00
        87         0         0        11  1.27297E+00  2.16535E+00  0.00000E+00
       290         0         0        11  0.00000E+00  0.00000E+00 -2.00787E+00
       287         0         0        11  0.00000E+00  0.00000E+00 -1.00394E+00
        74         0         0        11  0.00000E+00  0.00000E+00  0.00000E+00
        78         0         0        11  0.00000E+00  7.21785E-01  0.00000E+00
        82         0         0        11  0.00000E+00  1.44357E+00  0.00000E+00
        86         0         0        11  0.00000E+00  2.16535E+00  0.00000E+00
        55         0         0        11  0.00000E+00  1.59843E+01 -2.00787E+00
        51         0         0        11  0.00000E+00  1.59843E+01 -1.00394E+00
        47         0         0        11  0.00000E+00  1.59843E+01  0.00000E+00
        69         0         0        11  0.00000E+00  1.26509E+01  0.00000E+00
        64         0         0        11  0.00000E+00  9.31758E+00  0.00000E+00
        59         0         0        11  0.00000E+00  5.98425E+00  0.00000E+00
      2279         0         0        11 -3.60892E+00  0.00000E+00 -2.00787E+00
      2277         0         0        11 -3.60892E+00  0.00000E+00 -1.00394E+00
      2068         0         0        11 -3.60892E+00  0.00000E+00  0.00000E+00
      2071         0         0        11 -2.83027E+00  7.21785E-01  0.00000E+00
      2074         0         0        11 -2.05162E+00  1.44357E+00  0.00000E+00
      2077         0         0        11 -1.27297E+00  2.16535E+00  0.00000E+00
      2053         0         0        11 -2.70669E+00  1.59843E+01 -2.00787E+00
      2050         0         0        11 -2.70669E+00  1.59843E+01 -1.00394E+00
      2047         0         0        11 -2.70669E+00  1.59843E+01  0.00000E+00
      2064         0         0        11 -2.12270E+00  1.26509E+01  0.00000E+00
      2060         0         0        11 -1.53871E+00  9.31758E+00  0.00000E+00
      2056         0         0        11 -9.54724E-01  5.98425E+00  0.00000E+00
      2280         0         0        11 -7.21785E+00  0.00000E+00 -2.00787E+00
      2278         0         0        11 -7.21785E+00  0.00000E+00 -1.00394E+00
      2069         0         0        11 -7.21785E+00  0.00000E+00  0.00000E+00
      2072         0         0        11 -5.66054E+00  7.21785E-01  0.00000E+00
      2075         0         0        11 -4.10324E+00  1.44357E+00  0.00000E+00
      2078         0         0        11 -2.54593E+00  2.16535E+00  0.00000E+00
      2054         0         0        11 -5.41339E+00  1.59843E+01 -2.00787E+00
      2051         0         0        11 -5.41339E+00  1.59843E+01 -1.00394E+00
      2048         0         0        11 -5.41339E+00  1.59843E+01  0.00000E+00
      2065         0         0        11 -4.24541E+00  1.26509E+01  0.00000E+00
      2061         0         0        11 -3.07743E+00  9.31758E+00  0.00000E+00
      2057         0         0        11 -1.90945E+00  5.98425E+00  0.00000E+00
      2274         0         0        11 -1.08268E+01  0.00000E+00 -2.00787E+00
      2271         0         0        11 -1.08268E+01  0.00000E+00 -1.00394E+00
      2079         0         0        11 -3.81890E+00  2.16535E+00  0.00000E+00
      2076         0         0        11 -6.15486E+00  1.44357E+00  0.00000E+00
      2073         0         0        11 -8.49081E+00  7.21785E-01  0.00000E+00
      2055         0         0        11 -8.12008E+00  1.59843E+01 -2.00787E+00
      2052         0         0        11 -8.12008E+00  1.59843E+01 -1.00394E+00
      2049         0         0        11 -8.12008E+00  1.59843E+01  0.00000E+00
      2066         0         0        11 -6.36811E+00  1.26509E+01  0.00000E+00
      2062         0         0        11 -4.61614E+00  9.31759E+00  0.00000E+00
      2058         0         0        11 -2.86417E+00  5.98425E+00  0.00000E+00
      2070         0         0        11 -1.08267E+01  0.00000E+00  0.00000E+00
      2275         0         0        11 -1.35302E+01  0.00000E+00 -2.00787E+00
      2272         0         0        11 -1.35302E+01  0.00000E+00 -1.00394E+00
      2123         0         0        11 -1.35301E+01  0.00000E+00  0.00000E+00
      2080         0         0        11 -3.81890E+00  2.92913E+00  0.00000E+00
      2081         0         0        11 -6.15486E+00  3.01837E+00  0.00000E+00
      2082         0         0        11 -8.49081E+00  3.10761E+00  0.00000E+00
      2083         0         0        11 -1.08267E+01  3.19685E+00  0.00000E+00
      2044         0         0        11 -1.08268E+01  1.59843E+01 -2.00787E+00
      2041         0         0        11 -1.08268E+01  1.59843E+01 -1.00394E+00
      2059         0         0        11 -3.81890E+00  5.98425E+00  0.00000E+00
      2063         0         0        11 -6.15486E+00  9.31758E+00  0.00000E+00
      2067         0         0        11 -8.49081E+00  1.26509E+01  0.00000E+00
      2038         0         0        11 -1.08267E+01  1.59843E+01  0.00000E+00
      2096         0         0        11 -1.21916E+01  2.83661E+00  0.00000E+00
      2099         0         0        11 -1.21916E+01  5.10171E+00  0.00000E+00
      2126         0         0        11 -1.42213E+01  2.83661E+00  0.00000E+00
      2276         0         0        11 -1.62336E+01  0.00000E+00 -2.00787E+00
      2273         0         0        11 -1.62336E+01  0.00000E+00 -1.00394E+00
      2124         0         0        11 -1.62336E+01  0.00000E+00  0.00000E+00
      2127         0         0        11 -1.62511E+01  2.83661E+00  0.00000E+00
      2084         0         0        11 -3.81890E+00  3.69291E+00  0.00000E+00
      2092         0         0        11 -3.81890E+00  5.22047E+00  0.00000E+00
      2085         0         0        11 -6.15486E+00  4.59318E+00  0.00000E+00
      2093         0         0        11 -6.15486E+00  7.74278E+00  0.00000E+00
      2086         0         0        11 -8.49081E+00  5.49344E+00  0.00000E+00
      2094         0         0        11 -8.49081E+00  1.02651E+01  0.00000E+00
      2087         0         0        11 -1.08267E+01  6.39370E+00  0.00000E+00
      2095         0         0        11 -1.08267E+01  1.27874E+01  0.00000E+00
      2102         0         0        11 -1.21916E+01  7.36680E+00  0.00000E+00
      2045         0         0        11 -1.35302E+01  1.59843E+01 -2.00787E+00
      2042         0         0        11 -1.35302E+01  1.59843E+01 -1.00394E+00
      2039         0         0        11 -1.35301E+01  1.59843E+01  0.00000E+00
      2108         0         0        11 -1.21916E+01  1.18970E+01  0.00000E+00
      2111         0         0        11 -1.21916E+01  1.41621E+01  0.00000E+00
      2120         0         0        11 -1.42213E+01  1.41621E+01  0.00000E+00
      2097         0         0        11 -1.35564E+01  5.67323E+00  0.00000E+00
      2100         0         0        11 -1.35564E+01  7.00656E+00  0.00000E+00
      2129         0         0        11 -1.49125E+01  5.67323E+00  0.00000E+00
      2103         0         0        11 -1.35564E+01  8.33990E+00  0.00000E+00
      2130         0         0        11 -1.62686E+01  5.67323E+00  0.00000E+00
      2088         0         0        11 -3.81890E+00  4.45669E+00  0.00000E+00
      2089         0         0        11 -6.15486E+00  6.16798E+00  0.00000E+00
      2090         0         0        11 -8.49081E+00  7.87927E+00  0.00000E+00
      2091         0         0        11 -1.08268E+01  9.59055E+00  0.00000E+00
      2105         0         0        11 -1.21916E+01  9.63189E+00  0.00000E+00
      2098         0         0        11 -1.49213E+01  8.50984E+00  0.00000E+00
      2101         0         0        11 -1.49213E+01  8.91142E+00  0.00000E+00
      2132         0         0        11 -1.56037E+01  8.50984E+00  0.00000E+00
      2104         0         0        11 -1.49213E+01  9.31299E+00  0.00000E+00
      2133         0         0        11 -1.62861E+01  8.50984E+00  0.00000E+00
      2106         0         0        11 -1.35564E+01  9.67323E+00  0.00000E+00
      2107         0         0        11 -1.49213E+01  9.71457E+00  0.00000E+00
      2109         0         0        11 -1.35564E+01  1.10066E+01  0.00000E+00
      2112         0         0        11 -1.35564E+01  1.23399E+01  0.00000E+00
      2117         0         0        11 -1.49125E+01  1.23399E+01  0.00000E+00
      2267         0         0        11 -1.89370E+01  0.00000E+00 -2.00787E+00
      2263         0         0        11 -1.89370E+01  0.00000E+00 -1.00394E+00
      2046         0         0        11 -1.62336E+01  1.59843E+01 -2.00787E+00
      2043         0         0        11 -1.62336E+01  1.59843E+01 -1.00394E+00
      2040         0         0        11 -1.62336E+01  1.59843E+01  0.00000E+00
      2121         0         0        11 -1.62511E+01  1.41621E+01  0.00000E+00
      2118         0         0        11 -1.62685E+01  1.23399E+01  0.00000E+00
      2125         0         0        11 -1.89370E+01  0.00000E+00  0.00000E+00
      2128         0         0        11 -1.82808E+01  2.83661E+00  0.00000E+00
      2131         0         0        11 -1.76247E+01  5.67323E+00  0.00000E+00
      2134         0         0        11 -1.69685E+01  8.50984E+00  0.00000E+00
      2110         0         0        11 -1.49212E+01  1.01161E+01  0.00000E+00
      2113         0         0        11 -1.49212E+01  1.05177E+01  0.00000E+00
      2114         0         0        11 -1.56036E+01  1.05177E+01  0.00000E+00
      2115         0         0        11 -1.62860E+01  1.05177E+01  0.00000E+00
      2268         0         0        11 -2.19334E+01  0.00000E+00 -2.00787E+00
      2264         0         0        11 -2.19334E+01  0.00000E+00 -1.00394E+00
      2155         0         0        11 -2.19334E+01  0.00000E+00  0.00000E+00
      2034         0         0        11 -1.89370E+01  1.59843E+01 -2.00787E+00
      2030         0         0        11 -1.89370E+01  1.59843E+01 -1.00394E+00
      2116         0         0        11 -1.69685E+01  1.05177E+01  0.00000E+00
      2147         0         0        11 -1.69685E+01  9.17913E+00  0.00000E+00
      2119         0         0        11 -1.76246E+01  1.23399E+01  0.00000E+00
      2122         0         0        11 -1.82808E+01  1.41621E+01  0.00000E+00
      2026         0         0        11 -1.89370E+01  1.59843E+01  0.00000E+00
      2148         0         0        11 -1.86002E+01  9.81715E+00  0.00000E+00
      2144         0         0        11 -1.90879E+01  8.55577E+00  0.00000E+00
      2141         0         0        11 -1.95253E+01  6.21413E+00  0.00000E+00
      2138         0         0        11 -1.99628E+01  3.87248E+00  0.00000E+00
      2135         0         0        11 -2.04003E+01  1.53084E+00  0.00000E+00
      2159         0         0        11 -2.26653E+01  1.53084E+00  0.00000E+00
      2151         0         0        11 -1.69685E+01  9.84842E+00  0.00000E+00
      2152         0         0        11 -1.81124E+01  1.10785E+01  0.00000E+00
      2153         0         0        11 -1.92563E+01  1.23086E+01  0.00000E+00
      2154         0         0        11 -2.04002E+01  1.35387E+01  0.00000E+00
      2149         0         0        11 -2.02318E+01  1.04552E+01  0.00000E+00
      2145         0         0        11 -2.12073E+01  8.60171E+00  0.00000E+00
      2142         0         0        11 -2.14261E+01  6.75503E+00  0.00000E+00
      2139         0         0        11 -2.16448E+01  4.90836E+00  0.00000E+00
      2136         0         0        11 -2.18635E+01  3.06168E+00  0.00000E+00
      2163         0         0        11 -2.33971E+01  3.06168E+00  0.00000E+00
      2269         0         0        11 -2.49298E+01  0.00000E+00 -2.00787E+00
      2265         0         0        11 -2.49298E+01  0.00000E+00 -1.00394E+00
      2156         0         0        11 -2.49298E+01  0.00000E+00  0.00000E+00
      2160         0         0        11 -2.49303E+01  1.53084E+00  0.00000E+00
      2164         0         0        11 -2.49307E+01  3.06168E+00  0.00000E+00
      2035         0         0        11 -2.19095E+01  1.59843E+01 -2.00787E+00
      2031         0         0        11 -2.19095E+01  1.59843E+01 -1.00394E+00
      2027         0         0        11 -2.19094E+01  1.59843E+01  0.00000E+00
      2179         0         0        11 -2.26492E+01  1.35387E+01  0.00000E+00
      2143         0         0        11 -2.33268E+01  7.29593E+00  0.00000E+00
      2140         0         0        11 -2.33268E+01  5.94423E+00  0.00000E+00
      2137         0         0        11 -2.33268E+01  4.59252E+00  0.00000E+00
      2167         0         0        11 -2.41289E+01  4.59252E+00  0.00000E+00
      2168         0         0        11 -2.49311E+01  4.59252E+00  0.00000E+00
      2150         0         0        11 -2.18635E+01  1.10932E+01  0.00000E+00
      2146         0         0        11 -2.33268E+01  8.64764E+00  0.00000E+00
      2175         0         0        11 -2.33891E+01  1.10932E+01  0.00000E+00
      2270         0         0        11 -2.78890E+01  3.74533E-01 -2.00787E+00
      2266         0         0        11 -2.78890E+01  3.74533E-01 -1.00394E+00
      2157         0         0        11 -2.78890E+01  3.74534E-01  0.00000E+00
      2161         0         0        11 -2.71704E+01  1.78053E+00  0.00000E+00
      2165         0         0        11 -2.64519E+01  3.18652E+00  0.00000E+00
      2169         0         0        11 -2.57333E+01  4.59252E+00  0.00000E+00
      2036         0         0        11 -2.48819E+01  1.59843E+01 -2.00787E+00
      2032         0         0        11 -2.48819E+01  1.59843E+01 -1.00394E+00
      2028         0         0        11 -2.48818E+01  1.59843E+01  0.00000E+00
      2180         0         0        11 -2.48983E+01  1.35387E+01  0.00000E+00
      2176         0         0        11 -2.49147E+01  1.10932E+01  0.00000E+00
      2171         0         0        11 -2.41289E+01  8.64764E+00  0.00000E+00
      2172         0         0        11 -2.49311E+01  8.64764E+00  0.00000E+00
      2170         0         0        11 -2.65354E+01  4.59252E+00  0.00000E+00
      2166         0         0        11 -2.79659E+01  3.38314E+00  0.00000E+00
      2162         0         0        11 -2.93963E+01  2.17376E+00  0.00000E+00
      2158         0         0        11 -3.08268E+01  9.64386E-01  0.00000E+00
      2262         0         0        11 -3.08268E+01  9.64386E-01 -1.00394E+00
      2037         0         0        11 -2.78543E+01  1.59843E+01 -2.00787E+00
      2033         0         0        11 -2.78543E+01  1.59843E+01 -1.00394E+00
      2029         0         0        11 -2.78543E+01  1.59843E+01  0.00000E+00
      2181         0         0        11 -2.71473E+01  1.35387E+01  0.00000E+00
      2177         0         0        11 -2.64402E+01  1.10932E+01  0.00000E+00
      2173         0         0        11 -2.57333E+01  8.64764E+00  0.00000E+00
      2258         0         0        11 -3.08268E+01  9.64386E-01 -2.00787E+00
      2195         0         0        11 -2.73376E+01  4.59252E+00  0.00000E+00
      2191         0         0        11 -2.93077E+01  3.54519E+00  0.00000E+00
      2187         0         0        11 -3.12779E+01  2.49786E+00  0.00000E+00
      2183         0         0        11 -3.32480E+01  1.45053E+00  0.00000E+00
      2261         0         0        11 -3.32480E+01  1.45053E+00 -1.00394E+00
      2257         0         0        11 -3.32480E+01  1.45053E+00 -2.00787E+00
      2174         0         0        11 -2.65354E+01  8.64764E+00  0.00000E+00
      2178         0         0        11 -2.79658E+01  1.10932E+01  0.00000E+00
      2182         0         0        11 -2.93963E+01  1.35387E+01  0.00000E+00
      2014         0         0        11 -3.08267E+01  1.59843E+01  0.00000E+00
      2018         0         0        11 -3.08268E+01  1.59843E+01 -1.00394E+00
      3013         0         0        11 -3.08268E+01  3.96836E+00 -2.00787E+00
      5004         0         0        11 -3.32480E+01  1.45053E+00 -2.00787E+00
      3014         0         0        11 -3.32972E+01  4.35728E+00 -2.00787E+00
      2022         0         0        11 -3.08268E+01  1.59843E+01 -2.00787E+00
      2196         0         0        11 -2.81398E+01  4.59252E+00  0.00000E+00
      2192         0         0        11 -3.06496E+01  3.70724E+00  0.00000E+00
      2188         0         0        11 -3.31594E+01  2.82196E+00  0.00000E+00
      2184         0         0        11 -3.56693E+01  1.93668E+00  0.00000E+00
      2260         0         0        11 -3.56693E+01  1.93668E+00 -1.00394E+00
      2256         0         0        11 -3.56693E+01  1.93668E+00 -2.00787E+00
      5003         0         0        11 -3.56693E+01  1.93668E+00 -2.00787E+00
      3015         0         0        11 -3.57677E+01  4.74620E+00 -2.00787E+00
      2199         0         0        11 -2.73376E+01  8.64764E+00  0.00000E+00
      2203         0         0        11 -2.93897E+01  1.10932E+01  0.00000E+00
      2207         0         0        11 -3.14419E+01  1.35387E+01  0.00000E+00
      2015         0         0        11 -3.34941E+01  1.59843E+01  0.00000E+00
      2019         0         0        11 -3.34941E+01  1.59843E+01 -1.00394E+00
      2023         0         0        11 -3.34941E+01  1.59843E+01 -2.00787E+00
      3017         0         0        11 -3.08268E+01  6.97233E+00 -2.00787E+00
      3025         0         0        11 -3.08268E+01  1.29803E+01 -2.00787E+00
      3018         0         0        11 -3.33465E+01  7.26402E+00 -2.00787E+00
      3019         0         0        11 -3.58661E+01  7.55571E+00 -2.00787E+00
      3026         0         0        11 -3.34449E+01  1.30775E+01 -2.00787E+00
      5001         0         0        11 -3.34941E+01  1.59843E+01 -2.00787E+00
      3021         0         0        11 -3.08268E+01  9.97631E+00 -2.00787E+00
      3022         0         0        11 -3.33957E+01  1.01708E+01 -2.00787E+00
      3023         0         0        11 -3.59646E+01  1.03652E+01 -2.00787E+00
      3027         0         0        11 -3.60630E+01  1.31747E+01 -2.00787E+00
      5002         0         0        11 -3.61614E+01  1.59843E+01 -2.00787E+00
      2024         0         0        11 -3.61614E+01  1.59843E+01 -2.00787E+00
      2020         0         0        11 -3.61614E+01  1.59843E+01 -1.00394E+00
      2016         0         0        11 -3.61614E+01  1.59843E+01  0.00000E+00
      2208         0         0        11 -3.34875E+01  1.35387E+01  0.00000E+00
      2200         0         0        11 -2.81398E+01  8.64764E+00  0.00000E+00
      2204         0         0        11 -3.08136E+01  1.10932E+01  0.00000E+00
      2197         0         0        11 -2.89419E+01  4.59252E+00  0.00000E+00
      2193         0         0        11 -3.19915E+01  3.86929E+00  0.00000E+00
      2189         0         0        11 -3.50410E+01  3.14606E+00  0.00000E+00
      2185         0         0        11 -3.80905E+01  2.42283E+00  0.00000E+00
      2259         0         0        11 -3.80905E+01  2.42283E+00 -1.00394E+00
      2255         0         0        11 -3.80905E+01  2.42283E+00 -2.00787E+00
      3016         0         0        11 -3.82382E+01  5.13511E+00 -2.00787E+00
      3020         0         0        11 -3.83858E+01  7.84740E+00 -2.00787E+00
      3024         0         0        11 -3.85335E+01  1.05597E+01 -2.00787E+00
      3028         0         0        11 -3.86811E+01  1.32720E+01 -2.00787E+00
      2025         0         0        11 -3.88287E+01  1.59843E+01 -2.00787E+00
      2021         0         0        11 -3.88287E+01  1.59843E+01 -1.00394E+00
      2017         0         0        11 -3.88287E+01  1.59843E+01  0.00000E+00
      2209         0         0        11 -3.55331E+01  1.35387E+01  0.00000E+00
      2205         0         0        11 -3.22375E+01  1.10932E+01  0.00000E+00
      2201         0         0        11 -2.89419E+01  8.64764E+00  0.00000E+00
      2198         0         0        11 -2.97441E+01  4.59252E+00  0.00000E+00
      2194         0         0        11 -3.33333E+01  4.03134E+00  0.00000E+00
      2190         0         0        11 -3.69226E+01  3.47016E+00  0.00000E+00
      2186         0         0        11 -4.05118E+01  2.90898E+00  0.00000E+00
      2253         0         0        11 -4.05118E+01  2.90898E+00 -1.00394E+00
      2254         0         0        11 -4.05118E+01  2.90898E+00 -2.00787E+00
      3001         0         0        11 -4.07087E+01  5.52403E+00 -2.00787E+00
      3004         0         0        11 -4.09055E+01  8.13909E+00 -2.00787E+00
      3007         0         0        11 -4.11024E+01  1.07541E+01 -2.00787E+00
      3010         0         0        11 -4.12992E+01  1.33692E+01 -2.00787E+00
      2013         0         0        11 -4.14961E+01  1.59843E+01 -2.00787E+00
      2012         0         0        11 -4.14961E+01  1.59843E+01 -1.00394E+00
      2202         0         0        11 -2.97441E+01  8.64764E+00  0.00000E+00
      2206         0         0        11 -3.36614E+01  1.10932E+01  0.00000E+00
      2210         0         0        11 -3.75787E+01  1.35387E+01  0.00000E+00
      2011         0         0        11 -4.14961E+01  1.59843E+01 -2.73185E-16
      2211         0         0        11 -2.97441E+01  5.40354E+00  0.00000E+00
      2212         0         0        11 -3.33989E+01  5.44371E+00  0.00000E+00
      2213         0         0        11 -3.70538E+01  5.48387E+00  0.00000E+00
      2214         0         0        11 -4.07087E+01  5.52403E+00  0.00000E+00
      2227         0         0        11 -4.23022E+01  3.26849E+00 -1.82640E-01
      2229         0         0        11 -4.23958E+01  5.81164E+00 -1.66619E-01
      2251         0         0        11 -4.22830E+01  3.26463E+00 -1.09526E+00
      2252         0         0        11 -4.22638E+01  3.26077E+00 -2.00787E+00
      3002         0         0        11 -4.23622E+01  5.80547E+00 -2.00787E+00
      3005         0         0        11 -4.24606E+01  8.35016E+00 -2.00787E+00
      3008         0         0        11 -4.25591E+01  1.08949E+01 -2.00787E+00
      3011         0         0        11 -4.26575E+01  1.34396E+01 -2.00787E+00
      2010         0         0        11 -4.27559E+01  1.59843E+01 -2.00787E+00
      3003         0         0        11 -4.40158E+01  6.08690E+00 -2.00787E+00
      3006         0         0        11 -4.40158E+01  8.56124E+00 -2.00787E+00
      3009         0         0        11 -4.40158E+01  1.10356E+01 -2.00787E+00
      3012         0         0        11 -4.40158E+01  1.35099E+01 -2.00787E+00
      2009         0         0        11 -4.27631E+01  1.59843E+01 -1.05520E+00
      2008         0         0        11 -4.27702E+01  1.59843E+01 -1.02536E-01
      2223         0         0        11 -2.97441E+01  7.83662E+00  0.00000E+00
      2215         0         0        11 -2.97441E+01  6.21457E+00  0.00000E+00
      2224         0         0        11 -3.35958E+01  9.68081E+00  0.00000E+00
      2216         0         0        11 -3.34646E+01  6.85607E+00  0.00000E+00
      2225         0         0        11 -3.74475E+01  1.15250E+01  0.00000E+00
      2217         0         0        11 -3.71850E+01  7.49758E+00  0.00000E+00
      2226         0         0        11 -4.12992E+01  1.33692E+01  0.00000E+00
      2218         0         0        11 -4.09055E+01  8.13909E+00  0.00000E+00
      2235         0         0        11 -4.26766E+01  1.34411E+01 -1.18557E-01
      2231         0         0        11 -4.24894E+01  8.35480E+00 -1.50599E-01
      2247         0         0        11 -4.40158E+01  3.61257E+00 -2.00787E+00
      2248         0         0        11 -4.40158E+01  3.61257E+00 -1.37526E+00
      2228         0         0        11 -4.40158E+01  3.61257E+00 -7.42653E-01
      2230         0         0        11 -4.40158E+01  6.08690E+00 -6.72090E-01
      2232         0         0        11 -4.40158E+01  8.56124E+00 -6.01526E-01
      2007         0         0        11 -4.40158E+01  1.59843E+01 -2.00787E+00
      2004         0         0        11 -4.40158E+01  1.59843E+01 -1.19886E+00
      2219         0         0        11 -2.97441E+01  7.02559E+00  0.00000E+00
      2220         0         0        11 -3.35302E+01  8.26844E+00  0.00000E+00
      2221         0         0        11 -3.73163E+01  9.51129E+00  0.00000E+00
      2222         0         0        11 -4.11023E+01  1.07541E+01  0.00000E+00
      2233         0         0        11 -4.25830E+01  1.08980E+01 -1.34578E-01
      2001         0         0        11 -4.40158E+01  1.59843E+01 -3.89836E-01
      2236         0         0        11 -4.40158E+01  1.35099E+01 -4.60399E-01
      2234         0         0        11 -4.40158E+01  1.10356E+01 -5.30963E-01
      2249         0         0        11 -4.50197E+01  3.81416E+00 -2.00787E+00
      2250         0         0        11 -4.50419E+01  3.81416E+00 -1.65634E+00
      2241         0         0        11 -4.50641E+01  3.81416E+00 -1.30481E+00
      2240         0         0        11 -4.51695E+01  6.24818E+00 -1.25422E+00
      2239         0         0        11 -4.52750E+01  8.68219E+00 -1.20363E+00
      2238         0         0        11 -4.53804E+01  1.11162E+01 -1.15304E+00
      2005         0         0        11 -4.48035E+01  1.59843E+01 -1.52987E+00
      2006         0         0        11 -4.55118E+01  1.59843E+01 -2.00787E+00
      2002         0         0        11 -4.55913E+01  1.59843E+01 -1.05186E+00
      2237         0         0        11 -4.54859E+01  1.35502E+01 -1.10245E+00
      2246         0         0        11 -4.60236E+01  4.01575E+00 -2.00787E+00
      2245         0         0        11 -4.62205E+01  6.40945E+00 -2.00787E+00
      2244         0         0        11 -4.64173E+01  8.80315E+00 -2.00787E+00
      2243         0         0        11 -4.66142E+01  1.11968E+01 -2.00787E+00
      2242         0         0        11 -4.68110E+01  1.35906E+01 -2.00787E+00
      2003         0         0        11 -4.70079E+01  1.59843E+01 -2.00787E+00
    -1
    -1
    71
     11001        42        21      1001         1         4         2
      2012      2021
     11002        42        21      1001         1         4         2
      2021      2020
     11003        42        21      1001         1         4         2
      2020      2019
     12001        42        21      1002         1         4         2
      2019      2018
     12002        42        21      1002         1         4         2
      2018      2033
     12003        42        21      1002         1         4         2
      2033      2032
     13001        42        21      1003         1         4         2
      2032      2031
     13002        42        21      1003         1         4         2
      2031      2030
     13003        42        21      1003         1         4         2
      2030      2043
     14001        42        21      1004         1         4         2
      2259      2260
     14002        42        21      1004         1         4         2
      2260      2261
     14003        42        21      1004         1         4         2
      2261      2262
     15001        42        21      1005         1         4         2
      2262      2266
     15002        42        21      1005         1         4         2
      2266      2265
     16001        42        21      1006         1         4         2
      2265      2264
     16002        42        21      1006         1         4         2
      2264      2263
     16003        42        21      1006         1         4         2
      2263      2273
     17001        42        21      1007         1         4         2
      2273      2272
     17002        42        21      1007         1         4         2
      2272      2271
     17003        42        21      1007         1         4         2
      2271      2278
     18001        42        21      1008         1         4         2
      2139      2163
     18002        42        21      1008         1         4         2
      2163      2160
     18003        42        21      1008         1         4         2
      2160      2157
     19001        42        21      1009         1         4         2
      2141      2138
     19002        42        21      1009         1         4         2
      2138      2135
     19003        42        21      1009         1         4         2
      2135      2155
     20001        42        21      1010         1         4         2
      2130      2127
     20002        42        21      1010         1         4         2
      2127      2124
     21001        42        21      1011         1         4         2
        12        21
     21002        42        21      1011         1         4         2
        21        20
     21003        42        21      1011         1         4         2
        20        19
     22001        42        21      1012         1         4         2
        19        18
     22002        42        21      1012         1         4         2
        18        33
     22003        42        21      1012         1         4         2
        33        32
     23001        42        21      1013         1         4         2
        32        31
     23002        42        21      1013         1         4         2
        31        30
     23003        42        21      1013         1         4         2
        30        43
     24001        42        21      1014         1         4         2
       269       270
     24002        42        21      1014         1         4         2
       270       271
     24003        42        21      1014         1         4         2
       271       272
     25001        42        21      1015         1         4         2
       272       276
     25002        42        21      1015         1         4         2
       276       275
     26001        42        21      1016         1         4         2
       275       274
     26002        42        21      1016         1         4         2
       274       273
     26003        42        21      1016         1         4         2
       273       283
     27001        42        21      1017         1         4         2
       283       282
     27002        42        21      1017         1         4         2
       282       281
     27003        42        21      1017         1         4         2
       281       289
     28001        42        21      1018         1         4         2
       149       173
     28002        42        21      1018         1         4         2
       173       170
     28003        42        21      1018         1         4         2
       170       167
     29001        42        21      1019         1         4         2
       151       148
     29002        42        21      1019         1         4         2
       148       145
     29003        42        21      1019         1         4         2
       145       165
     30001        42        21      1020         1         4         2
       140       137
     30002        42        21      1020         1         4         2
       137       134
         1         5        94         1         1         7         4
         1         2         5         4
         2         5        94         1         1         7         4
         2         3         6         5
         5         5        94         1         1         7         4
         1         4         9         8
         6         5        94         1         1         7         4
         4         7        10         9
         7         5        94         1         1         7         4
         8         9        12        11
         8         5        94         1         1         7         4
         9        10        13        12
         9         5        94         1         1         7         4
        14        15        19        18
        10         5        94         1         1         7         4
        15        16        20        19
        11         5        94         1         1         7         4
        16        17        21        20
        12         5        94         1         1         7         4
        17        11        12        21
        13         5        94         1         1         7         4
        18        19        23        22
        14         5        94         1         1         7         4
        19        20        24        23
        15         5        94         1         1         7         4
        20        21        25        24
        16         5        94         1         1         7         4
        21        12        13        25
        17         5        94         1         1         7         4
        26        27        31        30
        18         5        94         1         1         7         4
        27        28        32        31
        19         5        94         1         1         7         4
        28        29        33        32
        20         5        94         1         1         7         4
        29        14        18        33
        21         5        94         1         1         7         4
        30        31        35        34
        22         5        94         1         1         7         4
        31        32        36        35
        23         5        94         1         1         7         4
        32        33        37        36
        24         5        94         1         1         7         4
        33        18        22        37
        25         5        94         1         1         7         4
        38        39        42        41
        26         5        94         1         1         7         4
        39        40        43        42
        27         5        94         1         1         7         4
        40        26        30        43
        28         5        94         1         1         7         4
        41        42        45        44
        29         5        94         1         1         7         4
        42        43        46        45
        30         5        94         1         1         7         4
        43        30        34        46
        31         5        94         1         1         7         4
        47        48        52        51
        32         5        94         1         1         7         4
        48        49        53        52
        33         5        94         1         1         7         4
        49        50        54        53
        34         5        94         1         1         7         4
        50        38        41        54
        35         5        94         1         1         7         4
        51        52        56        55
        36         5        94         1         1         7         4
        52        53        57        56
        37         5        94         1         1         7         4
        53        54        58        57
        38         5        94         1         1         7         4
        54        41        44        58
        39         5        94         1         1         7         4
        59        60        65        64
        40         5        94         1         1         7         4
        60        61        66        65
        41         5        94         1         1         7         4
        61        62        67        66
        42         5        94         1         1         7         4
        62        63        68        67
        43         5        94         1         1         7         4
        64        65        70        69
        44         5        94         1         1         7         4
        65        66        71        70
        45         5        94         1         1         7         4
        66        67        72        71
        46         5        94         1         1         7         4
        67        68        73        72
        47         5        94         1         1         7         4
        69        70        48        47
        48         5        94         1         1         7         4
        70        71        49        48
        49         5        94         1         1         7         4
        71        72        50        49
        50         5        94         1         1         7         4
        72        73        38        50
        51         5        94         1         1         7         4
        74        75        79        78
        52         5        94         1         1         7         4
        75        76        80        79
        53         5        94         1         1         7         4
        76        77        81        80
        54         5        94         1         1         7         4
        78        79        83        82
        55         5        94         1         1         7         4
        79        80        84        83
        56         5        94         1         1         7         4
        80        81        85        84
        57         5        94         1         1         7         4
        82        83        87        86
        58         5        94         1         1         7         4
        83        84        88        87
        59         5        94         1         1         7         4
        84        85        89        88
        60         5        94         1         1         7         4
        89        85        91        90
        61         5        94         1         1         7         4
        85        81        92        91
        62         5        94         1         1         7         4
        81        77        93        92
        63         5        94         1         1         7         4
        90        91        95        94
        64         5        94         1         1         7         4
        91        92        96        95
        65         5        94         1         1         7         4
        92        93        97        96
        66         5        94         1         1         7         4
        94        95        99        98
        67         5        94         1         1         7         4
        95        96       100        99
        68         5        94         1         1         7         4
        96        97       101       100
        69         5        94         1         1         7         4
        98        99       103       102
        70         5        94         1         1         7         4
        99       100       104       103
        71         5        94         1         1         7         4
       100       101       105       104
        72         5        94         1         1         7         4
       102       103        68        63
        73         5        94         1         1         7         4
       103       104        73        68
        74         5        94         1         1         7         4
       104       105        38        73
        75         5        94         1         1         7         4
        77       106       109        93
        76         5        94         1         1         7         4
       106       107       110       109
        77         5        94         1         1         7         4
       107       108       111       110
        78         5        94         1         1         7         4
        93       109       112        97
        79         5        94         1         1         7         4
       109       110       113       112
        80         5        94         1         1         7         4
       110       111       114       113
        81         5        94         1         1         7         4
        97       112       115       101
        82         5        94         1         1         7         4
       112       113       116       115
        83         5        94         1         1         7         4
       113       114       117       116
        84         5        94         1         1         7         4
       101       115       118       105
        85         5        94         1         1         7         4
       115       116       119       118
        86         5        94         1         1         7         4
       116       117       120       119
        87         5        94         1         1         7         4
       105       118       121        38
        88         5        94         1         1         7         4
       118       119       122       121
        89         5        94         1         1         7         4
       119       120       123       122
        90         5        94         1         1         7         4
       123       124       127       122
        91         5        94         1         1         7         4
       124       125       128       127
        92         5        94         1         1         7         4
       125       126       129       128
        93         5        94         1         1         7         4
       122       127       130       121
        94         5        94         1         1         7         4
       127       128       131       130
        95         5        94         1         1         7         4
       128       129       132       131
        96         5        94         1         1         7         4
       121       130        39        38
        97         5        94         1         1         7         4
       130       131        40        39
        98         5        94         1         1         7         4
       131       132        26        40
        99         5        94         1         1         7         4
        77       133       136       106
       100         5        94         1         1         7         4
       133       134       137       136
       101         5        94         1         1         7         4
       134       135       138       137
       102         5        94         1         1         7         4
       106       136       139       107
       103         5        94         1         1         7         4
       136       137       140       139
       104         5        94         1         1         7         4
       137       138       141       140
       105         5        94         1         1         7         4
       107       139       142       108
       106         5        94         1         1         7         4
       139       140       143       142
       107         5        94         1         1         7         4
       140       141       144       143
       108         5        94         1         1         7         4
       135       145       148       138
       109         5        94         1         1         7         4
       145       146       149       148
       110         5        94         1         1         7         4
       146       147       150       149
       111         5        94         1         1         7         4
       138       148       151       141
       112         5        94         1         1         7         4
       148       149       152       151
       113         5        94         1         1         7         4
       149       150       153       152
       114         5        94         1         1         7         4
       141       151       154       144
       115         5        94         1         1         7         4
       151       152       155       154
       116         5        94         1         1         7         4
       152       153       156       155
       117         5        94         1         1         7         4
       144       154       158       157
       118         5        94         1         1         7         4
       154       155       159       158
       119         5        94         1         1         7         4
       155       156       160       159
       120         5        94         1         1         7         4
       157       158       162       161
       121         5        94         1         1         7         4
       158       159       163       162
       122         5        94         1         1         7         4
       159       160       164       163
       123         5        94         1         1         7         4
       161       162       129       126
       124         5        94         1         1         7         4
       162       163       132       129
       125         5        94         1         1         7         4
       163       164        26       132
       126         5        94         1         1         7         4
       135       165       169       145
       127         5        94         1         1         7         4
       165       166       170       169
       128         5        94         1         1         7         4
       166       167       171       170
       129         5        94         1         1         7         4
       167       168       172       171
       130         5        94         1         1         7         4
       145       169       173       146
       131         5        94         1         1         7         4
       169       170       174       173
       132         5        94         1         1         7         4
       170       171       175       174
       133         5        94         1         1         7         4
       171       172       176       175
       134         5        94         1         1         7         4
       146       173       177       147
       135         5        94         1         1         7         4
       173       174       178       177
       136         5        94         1         1         7         4
       174       175       179       178
       137         5        94         1         1         7         4
       175       176       180       179
       138         5        94         1         1         7         4
       156       181       185       160
       139         5        94         1         1         7         4
       181       182       186       185
       140         5        94         1         1         7         4
       182       183       187       186
       141         5        94         1         1         7         4
       183       184       188       187
       142         5        94         1         1         7         4
       160       185       189       164
       143         5        94         1         1         7         4
       185       186       190       189
       144         5        94         1         1         7         4
       186       187       191       190
       145         5        94         1         1         7         4
       187       188       192       191
       146         5        94         1         1         7         4
       164       189        27        26
       147         5        94         1         1         7         4
       189       190        28        27
       148         5        94         1         1         7         4
       190       191        29        28
       149         5        94         1         1         7         4
       191       192        14        29
       150         5        94         1         1         7         4
       168       193       197       172
       151         5        94         1         1         7         4
       193       194       198       197
       152         5        94         1         1         7         4
       194       195       199       198
       153         5        94         1         1         7         4
       195       196       200       199
       154         5        94         1         1         7         4
       172       197       201       176
       155         5        94         1         1         7         4
       197       198       202       201
       156         5        94         1         1         7         4
       198       199       203       202
       157         5        94         1         1         7         4
       199       200       204       203
       158         5        94         1         1         7         4
       176       201       205       180
       159         5        94         1         1         7         4
       201       202       206       205
       160         5        94         1         1         7         4
       202       203       207       206
       161         5        94         1         1         7         4
       203       204       208       207
       162         5        94         1         1         7         4
       184       209       213       188
       163         5        94         1         1         7         4
       209       210       214       213
       164         5        94         1         1         7         4
       210       211       215       214
       165         5        94         1         1         7         4
       211       212       216       215
       166         5        94         1         1         7         4
       188       213       217       192
       167         5        94         1         1         7         4
       213       214       218       217
       168         5        94         1         1         7         4
       214       215       219       218
       169         5        94         1         1         7         4
       215       216       220       219
       170         5        94         1         1         7         4
       192       217        15        14
       171         5        94         1         1         7         4
       217       218        16        15
       172         5        94         1         1         7         4
       218       219        17        16
       173         5        94         1         1         7         4
       219       220        11        17
       174         5        94         1         1         7         4
       208       204       222       221
       175         5        94         1         1         7         4
       204       200       223       222
       176         5        94         1         1         7         4
       200       196       224       223
       177         5        94         1         1         7         4
       221       222       226       225
       178         5        94         1         1         7         4
       222       223       227       226
       179         5        94         1         1         7         4
       223       224       228       227
       180         5        94         1         1         7         4
       225       226       230       229
       181         5        94         1         1         7         4
       226       227       231       230
       182         5        94         1         1         7         4
       227       228       232       231
       183         5        94         1         1         7         4
       229       230       234       233
       184         5        94         1         1         7         4
       230       231       235       234
       185         5        94         1         1         7         4
       231       232       236       235
       186         5        94         1         1         7         4
       233       234       216       212
       187         5        94         1         1         7         4
       234       235       220       216
       188         5        94         1         1         7         4
       235       236        11       220
       189         5        94         1         1         7         4
       196       237       239       224
       190         5        94         1         1         7         4
       237       238       240       239
       191         5        94         1         1         7         4
       224       239       241       228
       192         5        94         1         1         7         4
       239       240       242       241
       193         5        94         1         1         7         4
       228       241       243       232
       194         5        94         1         1         7         4
       241       242       244       243
       195         5        94         1         1         7         4
       232       243       245       236
       196         5        94         1         1         7         4
       243       244       246       245
       197         5        94         1         1         7         4
       236       245         8        11
       198         5        94         1         1         7         4
       245       246         1         8
       199         5        94         1         1         7         4
         1       246       247         2
       200         5        94         1         1         7         4
       246       244       248       247
       201         5        94         1         1         7         4
       244       242       249       248
       202         5        94         1         1         7         4
       242       240       250       249
       203         5        94         1         1         7         4
       240       238       251       250
       204         5        94         1         1         7         4
         2       247       252         3
       205         5        94         1         1         7         4
       247       248       253       252
       206         5        94         1         1         7         4
       248       249       254       253
       207         5        94         1         1         7         4
       249       250       255       254
       208         5        94         1         1         7         4
       250       251       256       255
       209         5        94         1         1         7         4
       257       258       260       259
       210         5        94         1         1         7         4
       258       238       251       260
       213         5        94         1         1         7         4
       238       258       261       237
       214         5        94         1         1         7         4
       258       257       262       261
       215         5        94         1         1         7         4
       237       261       263       196
       216         5        94         1         1         7         4
       261       262       264       263
       217         5        94         1         1         7         4
       264       265       269       263
       218         5        94         1         1         7         4
       265       266       270       269
       219         5        94         1         1         7         4
       266       267       271       270
       220         5        94         1         1         7         4
       267       268       272       271
       221         5        94         1         1         7         4
       263       269       195       196
       222         5        94         1         1         7         4
       269       270       194       195
       223         5        94         1         1         7         4
       270       271       193       194
       224         5        94         1         1         7         4
       271       272       168       193
       225         5        94         1         1         7         4
       135       165       274       273
       226         5        94         1         1         7         4
       165       166       275       274
       227         5        94         1         1         7         4
       166       167       276       275
       228         5        94         1         1         7         4
       167       168       272       276
       229         5        94         1         1         7         4
       273       274       278       277
       230         5        94         1         1         7         4
       274       275       279       278
       231         5        94         1         1         7         4
       275       276       280       279
       232         5        94         1         1         7         4
       276       272       268       280
       233         5        94         1         1         7         4
        77       133       282       281
       234         5        94         1         1         7         4
       133       134       283       282
       235         5        94         1         1         7         4
       134       135       273       283
       236         5        94         1         1         7         4
       281       282       285       284
       237         5        94         1         1         7         4
       282       283       286       285
       238         5        94         1         1         7         4
       283       273       277       286
       239         5        94         1         1         7         4
        74        75       288       287
       240         5        94         1         1         7         4
        75        76       289       288
       241         5        94         1         1         7         4
        76        77       281       289
       242         5        94         1         1         7         4
       287       288       291       290
       243         5        94         1         1         7         4
       288       289       292       291
       244         5        94         1         1         7         4
       289       281       284       292
      1001         5        94         2         1         7         4
       264       262      1002      1001
      1002         5        94         2         1         7         4
       262       257      1003      1002
      1003         5        94         2         1         7         4
      1001      1002      1005      1004
      1004         5        94         2         1         7         4
      1002      1003      1006      1005
      1005         5        94         2         1         7         4
      1004      1005      1008      1007
      1006         5        94         2         1         7         4
      1005      1006      1009      1008
      1007         5        94         2         1         7         4
      1007      1008      1011      1010
      1008         5        94         2         1         7         4
      1008      1009      1012      1011
      1009         5        94         2         1         7         4
      1010      1011        10        13
      1010         5        94         2         1         7         4
      1011      1012         7        10
      1011         5        94         2         1         7         4
       268      4012      1014      1013
      1012         5        94         2         1         7         4
      4012      4011      1015      1014
      1013         5        94         2         1         7         4
      4011       265      1016      1015
      1014         5        94         2         1         7         4
       265       264      1001      1016
      1015         5        94         2         1         7         4
      1013      1014      1018      1017
      1016         5        94         2         1         7         4
      1014      1015      1019      1018
      1017         5        94         2         1         7         4
      1015      1016      1020      1019
      1018         5        94         2         1         7         4
      1016      1001      1004      1020
      1019         5        94         2         1         7         4
      1017      1018      1022      1021
      1020         5        94         2         1         7         4
      1018      1019      1023      1022
      1021         5        94         2         1         7         4
      1019      1020      1024      1023
      1022         5        94         2         1         7         4
      1020      1004      1007      1024
      1023         5        94         2         1         7         4
      1021      1022      1026      1025
      1024         5        94         2         1         7         4
      1022      1023      1027      1026
      1025         5        94         2         1         7         4
      1023      1024      1028      1027
      1026         5        94         2         1         7         4
      1024      1007      1010      1028
      1027         5        94         2         1         7         4
      1025      1026      4009        22
      1028         5        94         2         1         7         4
      1026      1027      4010      4009
      1029         5        94         2         1         7         4
      1027      1028        25      4010
      1030         5        94         2         1         7         4
      1028      1010        13        25
      2001         5        94         1         1         7         4
      2005      2002      2001      2004
      2002         5        94         1         1         7         4
      2006      2003      2002      2005
      2005         5        94         1         1         7         4
      2009      2004      2001      2008
      2006         5        94         1         1         7         4
      2010      2007      2004      2009
      2007         5        94         1         1         7         4
      2012      2009      2008      2011
      2008         5        94         1         1         7         4
      2013      2010      2009      2012
      2009         5        94         1         1         7         4
      2019      2015      2014      2018
      2010         5        94         1         1         7         4
      2020      2016      2015      2019
      2011         5        94         1         1         7         4
      2021      2017      2016      2020
      2012         5        94         1         1         7         4
      2012      2011      2017      2021
      2013         5        94         1         1         7         4
      2023      2019      2018      2022
      2014         5        94         1         1         7         4
      2024      2020      2019      2023
      2015         5        94         1         1         7         4
      2025      2021      2020      2024
      2016         5        94         1         1         7         4
      2013      2012      2021      2025
      2017         5        94         1         1         7         4
      2031      2027      2026      2030
      2018         5        94         1         1         7         4
      2032      2028      2027      2031
      2019         5        94         1         1         7         4
      2033      2029      2028      2032
      2020         5        94         1         1         7         4
      2018      2014      2029      2033
      2021         5        94         1         1         7         4
      2035      2031      2030      2034
      2022         5        94         1         1         7         4
      2036      2032      2031      2035
      2023         5        94         1         1         7         4
      2037      2033      2032      2036
      2024         5        94         1         1         7         4
      2022      2018      2033      2037
      2025         5        94         1         1         7         4
      2042      2039      2038      2041
      2026         5        94         1         1         7         4
      2043      2040      2039      2042
      2027         5        94         1         1         7         4
      2030      2026      2040      2043
      2028         5        94         1         1         7         4
      2045      2042      2041      2044
      2029         5        94         1         1         7         4
      2046      2043      2042      2045
      2030         5        94         1         1         7         4
      2034      2030      2043      2046
      2031         5        94         1         1         7         4
      2050      2047        47        51
      2032         5        94         1         1         7         4
      2051      2048      2047      2050
      2033         5        94         1         1         7         4
      2052      2049      2048      2051
      2034         5        94         1         1         7         4
      2041      2038      2049      2052
      2035         5        94         1         1         7         4
      2053      2050        51        55
      2036         5        94         1         1         7         4
      2054      2051      2050      2053
      2037         5        94         1         1         7         4
      2055      2052      2051      2054
      2038         5        94         1         1         7         4
      2044      2041      2052      2055
      2039         5        94         1         1         7         4
      2060      2056        59        64
      2040         5        94         1         1         7         4
      2061      2057      2056      2060
      2041         5        94         1         1         7         4
      2062      2058      2057      2061
      2042         5        94         1         1         7         4
      2063      2059      2058      2062
      2043         5        94         1         1         7         4
      2064      2060        64        69
      2044         5        94         1         1         7         4
      2065      2061      2060      2064
      2045         5        94         1         1         7         4
      2066      2062      2061      2065
      2046         5        94         1         1         7         4
      2067      2063      2062      2066
      2047         5        94         1         1         7         4
      2047      2064        69        47
      2048         5        94         1         1         7         4
      2048      2065      2064      2047
      2049         5        94         1         1         7         4
      2049      2066      2065      2048
      2050         5        94         1         1         7         4
      2038      2067      2066      2049
      2051         5        94         1         1         7         4
      2071      2068        74        78
      2052         5        94         1         1         7         4
      2072      2069      2068      2071
      2053         5        94         1         1         7         4
      2073      2070      2069      2072
      2054         5        94         1         1         7         4
      2074      2071        78        82
      2055         5        94         1         1         7         4
      2075      2072      2071      2074
      2056         5        94         1         1         7         4
      2076      2073      2072      2075
      2057         5        94         1         1         7         4
      2077      2074        82        86
      2058         5        94         1         1         7         4
      2078      2075      2074      2077
      2059         5        94         1         1         7         4
      2079      2076      2075      2078
      2060         5        94         1         1         7         4
      2081      2076      2079      2080
      2061         5        94         1         1         7         4
      2082      2073      2076      2081
      2062         5        94         1         1         7         4
      2083      2070      2073      2082
      2063         5        94         1         1         7         4
      2085      2081      2080      2084
      2064         5        94         1         1         7         4
      2086      2082      2081      2085
      2065         5        94         1         1         7         4
      2087      2083      2082      2086
      2066         5        94         1         1         7         4
      2089      2085      2084      2088
      2067         5        94         1         1         7         4
      2090      2086      2085      2089
      2068         5        94         1         1         7         4
      2091      2087      2086      2090
      2069         5        94         1         1         7         4
      2093      2089      2088      2092
      2070         5        94         1         1         7         4
      2094      2090      2089      2093
      2071         5        94         1         1         7         4
      2095      2091      2090      2094
      2072         5        94         1         1         7         4
      2063      2093      2092      2059
      2073         5        94         1         1         7         4
      2067      2094      2093      2063
      2074         5        94         1         1         7         4
      2038      2095      2094      2067
      2075         5        94         1         1         7         4
      2099      2096      2070      2083
      2076         5        94         1         1         7         4
      2100      2097      2096      2099
      2077         5        94         1         1         7         4
      2101      2098      2097      2100
      2078         5        94         1         1         7         4
      2102      2099      2083      2087
      2079         5        94         1         1         7         4
      2103      2100      2099      2102
      2080         5        94         1         1         7         4
      2104      2101      2100      2103
      2081         5        94         1         1         7         4
      2105      2102      2087      2091
      2082         5        94         1         1         7         4
      2106      2103      2102      2105
      2083         5        94         1         1         7         4
      2107      2104      2103      2106
      2084         5        94         1         1         7         4
      2108      2105      2091      2095
      2085         5        94         1         1         7         4
      2109      2106      2105      2108
      2086         5        94         1         1         7         4
      2110      2107      2106      2109
      2087         5        94         1         1         7         4
      2111      2108      2095      2038
      2088         5        94         1         1         7         4
      2112      2109      2108      2111
      2089         5        94         1         1         7         4
      2113      2110      2109      2112
      2090         5        94         1         1         7         4
      2117      2114      2113      2112
      2091         5        94         1         1         7         4
      2118      2115      2114      2117
      2092         5        94         1         1         7         4
      2119      2116      2115      2118
      2093         5        94         1         1         7         4
      2120      2117      2112      2111
      2094         5        94         1         1         7         4
      2121      2118      2117      2120
      2095         5        94         1         1         7         4
      2122      2119      2118      2121
      2096         5        94         1         1         7         4
      2039      2120      2111      2038
      2097         5        94         1         1         7         4
      2040      2121      2120      2039
      2098         5        94         1         1         7         4
      2026      2122      2121      2040
      2099         5        94         1         1         7         4
      2126      2123      2070      2096
      2100         5        94         1         1         7         4
      2127      2124      2123      2126
      2101         5        94         1         1         7         4
      2128      2125      2124      2127
      2102         5        94         1         1         7         4
      2129      2126      2096      2097
      2103         5        94         1         1         7         4
      2130      2127      2126      2129
      2104         5        94         1         1         7         4
      2131      2128      2127      2130
      2105         5        94         1         1         7         4
      2132      2129      2097      2098
      2106         5        94         1         1         7         4
      2133      2130      2129      2132
      2107         5        94         1         1         7         4
      2134      2131      2130      2133
      2108         5        94         1         1         7         4
      2138      2135      2125      2128
      2109         5        94         1         1         7         4
      2139      2136      2135      2138
      2110         5        94         1         1         7         4
      2140      2137      2136      2139
      2111         5        94         1         1         7         4
      2141      2138      2128      2131
      2112         5        94         1         1         7         4
      2142      2139      2138      2141
      2113         5        94         1         1         7         4
      2143      2140      2139      2142
      2114         5        94         1         1         7         4
      2144      2141      2131      2134
      2115         5        94         1         1         7         4
      2145      2142      2141      2144
      2116         5        94         1         1         7         4
      2146      2143      2142      2145
      2117         5        94         1         1         7         4
      2148      2144      2134      2147
      2118         5        94         1         1         7         4
      2149      2145      2144      2148
      2119         5        94         1         1         7         4
      2150      2146      2145      2149
      2120         5        94         1         1         7         4
      2152      2148      2147      2151
      2121         5        94         1         1         7         4
      2153      2149      2148      2152
      2122         5        94         1         1         7         4
      2154      2150      2149      2153
      2123         5        94         1         1         7         4
      2119      2152      2151      2116
      2124         5        94         1         1         7         4
      2122      2153      2152      2119
      2125         5        94         1         1         7         4
      2026      2154      2153      2122
      2126         5        94         1         1         7         4
      2159      2155      2125      2135
      2127         5        94         1         1         7         4
      2160      2156      2155      2159
      2128         5        94         1         1         7         4
      2161      2157      2156      2160
      2129         5        94         1         1         7         4
      2162      2158      2157      2161
      2130         5        94         1         1         7         4
      2163      2159      2135      2136
      2131         5        94         1         1         7         4
      2164      2160      2159      2163
      2132         5        94         1         1         7         4
      2165      2161      2160      2164
      2133         5        94         1         1         7         4
      2166      2162      2161      2165
      2134         5        94         1         1         7         4
      2167      2163      2136      2137
      2135         5        94         1         1         7         4
      2168      2164      2163      2167
      2136         5        94         1         1         7         4
      2169      2165      2164      2168
      2137         5        94         1         1         7         4
      2170      2166      2165      2169
      2138         5        94         1         1         7         4
      2175      2171      2146      2150
      2139         5        94         1         1         7         4
      2176      2172      2171      2175
      2140         5        94         1         1         7         4
      2177      2173      2172      2176
      2141         5        94         1         1         7         4
      2178      2174      2173      2177
      2142         5        94         1         1         7         4
      2179      2175      2150      2154
      2143         5        94         1         1         7         4
      2180      2176      2175      2179
      2144         5        94         1         1         7         4
      2181      2177      2176      2180
      2145         5        94         1         1         7         4
      2182      2178      2177      2181
      2146         5        94         1         1         7         4
      2027      2179      2154      2026
      2147         5        94         1         1         7         4
      2028      2180      2179      2027
      2148         5        94         1         1         7         4
      2029      2181      2180      2028
      2149         5        94         1         1         7         4
      2014      2182      2181      2029
      2150         5        94         1         1         7         4
      2187      2183      2158      2162
      2151         5        94         1         1         7         4
      2188      2184      2183      2187
      2152         5        94         1         1         7         4
      2189      2185      2184      2188
      2153         5        94         1         1         7         4
      2190      2186      2185      2189
      2154         5        94         1         1         7         4
      2191      2187      2162      2166
      2155         5        94         1         1         7         4
      2192      2188      2187      2191
      2156         5        94         1         1         7         4
      2193      2189      2188      2192
      2157         5        94         1         1         7         4
      2194      2190      2189      2193
      2158         5        94         1         1         7         4
      2195      2191      2166      2170
      2159         5        94         1         1         7         4
      2196      2192      2191      2195
      2160         5        94         1         1         7         4
      2197      2193      2192      2196
      2161         5        94         1         1         7         4
      2198      2194      2193      2197
      2162         5        94         1         1         7         4
      2203      2199      2174      2178
      2163         5        94         1         1         7         4
      2204      2200      2199      2203
      2164         5        94         1         1         7         4
      2205      2201      2200      2204
      2165         5        94         1         1         7         4
      2206      2202      2201      2205
      2166         5        94         1         1         7         4
      2207      2203      2178      2182
      2167         5        94         1         1         7         4
      2208      2204      2203      2207
      2168         5        94         1         1         7         4
      2209      2205      2204      2208
      2169         5        94         1         1         7         4
      2210      2206      2205      2209
      2170         5        94         1         1         7         4
      2015      2207      2182      2014
      2171         5        94         1         1         7         4
      2016      2208      2207      2015
      2172         5        94         1         1         7         4
      2017      2209      2208      2016
      2173         5        94         1         1         7         4
      2011      2210      2209      2017
      2174         5        94         1         1         7         4
      2212      2194      2198      2211
      2175         5        94         1         1         7         4
      2213      2190      2194      2212
      2176         5        94         1         1         7         4
      2214      2186      2190      2213
      2177         5        94         1         1         7         4
      2216      2212      2211      2215
      2178         5        94         1         1         7         4
      2217      2213      2212      2216
      2179         5        94         1         1         7         4
      2218      2214      2213      2217
      2180         5        94         1         1         7         4
      2220      2216      2215      2219
      2181         5        94         1         1         7         4
      2221      2217      2216      2220
      2182         5        94         1         1         7         4
      2222      2218      2217      2221
      2183         5        94         1         1         7         4
      2224      2220      2219      2223
      2184         5        94         1         1         7         4
      2225      2221      2220      2224
      2185         5        94         1         1         7         4
      2226      2222      2221      2225
      2186         5        94         1         1         7         4
      2206      2224      2223      2202
      2187         5        94         1         1         7         4
      2210      2225      2224      2206
      2188         5        94         1         1         7         4
      2011      2226      2225      2210
      2189         5        94         1         1         7         4
      2229      2227      2186      2214
      2190         5        94         1         1         7         4
      2230      2228      2227      2229
      2191         5        94         1         1         7         4
      2231      2229      2214      2218
      2192         5        94         1         1         7         4
      2232      2230      2229      2231
      2193         5        94         1         1         7         4
      2233      2231      2218      2222
      2194         5        94         1         1         7         4
      2234      2232      2231      2233
      2195         5        94         1         1         7         4
      2235      2233      2222      2226
      2196         5        94         1         1         7         4
      2236      2234      2233      2235
      2197         5        94         1         1         7         4
      2008      2235      2226      2011
      2198         5        94         1         1         7         4
      2001      2236      2235      2008
      2199         5        94         1         1         7         4
      2237      2236      2001      2002
      2200         5        94         1         1         7         4
      2238      2234      2236      2237
      2201         5        94         1         1         7         4
      2239      2232      2234      2238
      2202         5        94         1         1         7         4
      2240      2230      2232      2239
      2203         5        94         1         1         7         4
      2241      2228      2230      2240
      2204         5        94         1         1         7         4
      2242      2237      2002      2003
      2205         5        94         1         1         7         4
      2243      2238      2237      2242
      2206         5        94         1         1         7         4
      2244      2239      2238      2243
      2207         5        94         1         1         7         4
      2245      2240      2239      2244
      2208         5        94         1         1         7         4
      2246      2241      2240      2245
      2209         5        94         1         1         7         4
      2250      2248      2247      2249
      2210         5        94         1         1         7         4
      2241      2228      2248      2250
      2213         5        94         1         1         7         4
      2251      2248      2228      2227
      2214         5        94         1         1         7         4
      2252      2247      2248      2251
      2215         5        94         1         1         7         4
      2253      2251      2227      2186
      2216         5        94         1         1         7         4
      2254      2252      2251      2253
      2217         5        94         1         1         7         4
      2259      2255      2254      2253
      2218         5        94         1         1         7         4
      2260      2256      2255      2259
      2219         5        94         1         1         7         4
      2261      2257      2256      2260
      2220         5        94         1         1         7         4
      2262      2258      2257      2261
      2221         5        94         1         1         7         4
      2185      2259      2253      2186
      2222         5        94         1         1         7         4
      2184      2260      2259      2185
      2223         5        94         1         1         7         4
      2183      2261      2260      2184
      2224         5        94         1         1         7         4
      2158      2262      2261      2183
      2225         5        94         1         1         7         4
      2264      2155      2125      2263
      2226         5        94         1         1         7         4
      2265      2156      2155      2264
      2227         5        94         1         1         7         4
      2266      2157      2156      2265
      2228         5        94         1         1         7         4
      2262      2158      2157      2266
      2229         5        94         1         1         7         4
      2268      2264      2263      2267
      2230         5        94         1         1         7         4
      2269      2265      2264      2268
      2231         5        94         1         1         7         4
      2270      2266      2265      2269
      2232         5        94         1         1         7         4
      2258      2262      2266      2270
      2233         5        94         1         1         7         4
      2272      2123      2070      2271
      2234         5        94         1         1         7         4
      2273      2124      2123      2272
      2235         5        94         1         1         7         4
      2263      2125      2124      2273
      2236         5        94         1         1         7         4
      2275      2272      2271      2274
      2237         5        94         1         1         7         4
      2276      2273      2272      2275
      2238         5        94         1         1         7         4
      2267      2263      2273      2276
      2239         5        94         1         1         7         4
      2277      2068        74       287
      2240         5        94         1         1         7         4
      2278      2069      2068      2277
      2241         5        94         1         1         7         4
      2271      2070      2069      2278
      2242         5        94         1         1         7         4
      2279      2277       287       290
      2243         5        94         1         1         7         4
      2280      2278      2277      2279
      2244         5        94         1         1         7         4
      2274      2271      2278      2280
      3001         5        94         3         1         7         4
      3002      2252      2254      3001
      3002         5        94         3         1         7         4
      3003      2247      2252      3002
      3003         5        94         3         1         7         4
      3005      3002      3001      3004
      3004         5        94         3         1         7         4
      3006      3003      3002      3005
      3005         5        94         3         1         7         4
      3008      3005      3004      3007
      3006         5        94         3         1         7         4
      3009      3006      3005      3008
      3007         5        94         3         1         7         4
      3011      3008      3007      3010
      3008         5        94         3         1         7         4
      3012      3009      3008      3011
      3009         5        94         3         1         7         4
      2010      3011      3010      2013
      3010         5        94         3         1         7         4
      2007      3012      3011      2010
      3011         5        94         3         1         7         4
      3014      5004      2258      3013
      3012         5        94         3         1         7         4
      3015      5003      5004      3014
      3013         5        94         3         1         7         4
      3016      2255      5003      3015
      3014         5        94         3         1         7         4
      3001      2254      2255      3016
      3015         5        94         3         1         7         4
      3018      3014      3013      3017
      3016         5        94         3         1         7         4
      3019      3015      3014      3018
      3017         5        94         3         1         7         4
      3020      3016      3015      3019
      3018         5        94         3         1         7         4
      3004      3001      3016      3020
      3019         5        94         3         1         7         4
      3022      3018      3017      3021
      3020         5        94         3         1         7         4
      3023      3019      3018      3022
      3021         5        94         3         1         7         4
      3024      3020      3019      3023
      3022         5        94         3         1         7         4
      3007      3004      3020      3024
      3023         5        94         3         1         7         4
      3026      3022      3021      3025
      3024         5        94         3         1         7         4
      3027      3023      3022      3026
      3025         5        94         3         1         7         4
      3028      3024      3023      3027
      3026         5        94         3         1         7         4
      3010      3007      3024      3028
      3027         5        94         3         1         7         4
      5001      3026      3025      2022
      3028         5        94         3         1         7         4
      5002      3027      3026      5001
      3029         5        94         3         1         7         4
      2025      3028      3027      5002
      3030         5        94         3         1         7         4
      2013      3010      3028      2025
         3         2        91         1         1         7         3
         4         5         7
         4         2        91         1         1         7         3
         5         6         7
       211         2        91         1         1         7         3
       259       260       256
       212         2        91         1         1         7         3
       260       251       256
      2003         2        91         1         1         7         3
      2007      2005      2004
      2004         2        91         1         1         7         3
      2007      2006      2005
      2211         2        91         1         1         7         3
      2246      2250      2249
      2212         2        91         1         1         7         3
      2246      2241      2250
    -1
    -1
   731
      1001        21        36
NASTRAN PBAR     1001
 3.138500E-03 3.915200E-04 3.915200E-04 7.830500E-04 0.000000E+00 0.000000E+00
 0.000000E+00 0.000000E+00 0.000000E+00 1.000000E-35 1.000000E-35 1.000000E-35
 1.000000E-35 1.000000E-35 1.000000E-35 1.000000E-35 1.000000E-35 1.000000E-35
 1.000000E-35 1.000000E-35 1.000000E-35 1.000000E-35 1.000000E-35 1.000000E-35
 1.000000E-35 1.000000E-35 1.000000E-35 1.000000E-35 1.000000E-35 1.000000E-35
 1.000000E-35 1.000000E-35 1.000000E-35 1.000000E-35 1.000000E-35 0.000000E+00
 0.000000E+00 1.000000E-35 0.000000E+00 0.000000E+00 1.000000E-35 0.000000E+00
 0.000000E+00 1.000000E-35 0.000000E+00 0.000000E+00 1.000000E-35 0.000000E+00
 1.000000E-35 1.000000E-35 1.000000E-35 1.000000E-35 1.000000E-35 1.000000E-35
 1.000000E-35 1.000000E-35 1.000000E-35 1.000000E-35 1.000000E-35 1.000000E-35
 1.000000E-35 1.000000E-35 1.000000E-35 1.000000E-35
      1002        21        36
NASTRAN PBAR     1002
 3.138500E-03 3.915200E-04 3.915200E-04 7.830500E-04 0.000000E+00 0.000000E+00
 0.000000E+00 0.000000E+00 0.000000E+00 1.000000E-35 1.000000E-35 1.000000E-35
 1.000000E-35 1.000000E-35 1.000000E-35 1.000000E-35 1.000000E-35 1.000000E-35
 1.000000E-35 1.000000E-35 1.000000E-35 1.000000E-35 1.000000E-35 1.000000E-35
 1.000000E-35 1.000000E-35 1.000000E-35 1.000000E-35 1.000000E-35 1.000000E-35
 1.000000E-35 1.000000E-35 1.000000E-35 1.000000E-35 1.000000E-35 0.000000E+00
 0.000000E+00 1.000000E-35 0.000000E+00 0.000000E+00 1.000000E-35 0.000000E+00
 0.000000E+00 1.000000E-35 0.000000E+00 0.000000E+00 1.000000E-35 0.000000E+00
 1.000000E-35 1.000000E-35 1.000000E-35 1.000000E-35 1.000000E-35 1.000000E-35
 1.000000E-35 1.000000E-35 1.000000E-35 1.000000E-35 1.000000E-35 1.000000E-35
 1.000000E-35 1.000000E-35 1.000000E-35 1.000000E-35
      1003        21        36
NASTRAN PBAR     1003
 3.138500E-03 3.915200E-04 3.915200E-04 7.830500E-04 0.000000E+00 0.000000E+00
 0.000000E+00 0.000000E+00 0.000000E+00 1.000000E-35 1.000000E-35 1.000000E-35
 1.000000E-35 1.000000E-35 1.000000E-35 1.000000E-35 1.000000E-35 1.000000E-35
 1.000000E-35 1.000000E-35 1.000000E-35 1.000000E-35 1.000000E-35 1.000000E-35
 1.000000E-35 1.000000E-35 1.000000E-35 1.000000E-35 1.000000E-35 1.000000E-35
 1.000000E-35 1.000000E-35 1.000000E-35 1.000000E-35 1.000000E-35 0.000000E+00
 0.000000E+00 1.000000E-35 0.000000E+00 0.000000E+00 1.000000E-35 0.000000E+00
 0.000000E+00 1.000000E-35 0.000000E+00 0.000000E+00 1.000000E-35 0.000000E+00
 1.000000E-35 1.000000E-35 1.000000E-35 1.000000E-35 1.000000E-35 1.000000E-35
 1.000000E-35 1.000000E-35 1.000000E-35 1.000000E-35 1.000000E-35 1.000000E-35
 1.000000E-35 1.000000E-35 1.000000E-35 1.000000E-35
      1004        21        36
NASTRAN PBAR     1004
 3.138500E-03 3.915200E-04 3.915200E-04 7.830500E-04 0.000000E+00 0.000000E+00
 0.000000E+00 0.000000E+00 0.000000E+00 1.000000E-35 1.000000E-35 1.000000E-35
 1.000000E-35 1.000000E-35 1.000000E-35 1.000000E-35 1.000000E-35 1.000000E-35
 1.000000E-35 1.000000E-35 1.000000E-35 1.000000E-35 1.000000E-35 1.000000E-35
 1.000000E-35 1.000000E-35 1.000000E-35 1.000000E-35 1.000000E-35 1.000000E-35
 1.000000E-35 1.000000E-35 1.000000E-35 1.000000E-35 1.000000E-35 0.000000E+00
 0.000000E+00 1.000000E-35 0.000000E+00 0.000000E+00 1.000000E-35 0.000000E+00
 0.000000E+00 1.000000E-35 0.000000E+00 0.000000E+00 1.000000E-35 0.000000E+00
 1.000000E-35 1.000000E-35 1.000000E-35 1.000000E-35 1.000000E-35 1.000000E-35
 1.000000E-35 1.000000E-35 1.000000E-35 1.000000E-35 1.000000E-35 1.000000E-35
 1.000000E-35 1.000000E-35 1.000000E-35 1.000000E-35
      1005        21        36
NASTRAN PBAR     1005
 3.138500E-03 3.915200E-04 3.915200E-04 7.830500E-04 0.000000E+00 0.000000E+00
 0.000000E+00 0.000000E+00 0.000000E+00 1.000000E-35 1.000000E-35 1.000000E-35
 1.000000E-35 1.000000E-35 1.000000E-35 1.000000E-35 1.000000E-35 1.000000E-35
 1.000000E-35 1.000000E-35 1.000000E-35 1.000000E-35 1.000000E-35 1.000000E-35
 1.000000E-35 1.000000E-35 1.000000E-35 1.000000E-35 1.000000E-35 1.000000E-35
 1.000000E-35 1.000000E-35 1.000000E-35 1.000000E-35 1.000000E-35 0.000000E+00
 0.000000E+00 1.000000E-35 0.000000E+00 0.000000E+00 1.000000E-35 0.000000E+00
 0.000000E+00 1.000000E-35 0.000000E+00 0.000000E+00 1.000000E-35 0.000000E+00
 1.000000E-35 1.000000E-35 1.000000E-35 1.000000E-35 1.000000E-35 1.000000E-35
 1.000000E-35 1.000000E-35 1.000000E-35 1.000000E-35 1.000000E-35 1.000000E-35
 1.000000E-35 1.000000E-35 1.000000E-35 1.000000E-35
      1006        21        36
NASTRAN PBAR     1006
 3.138500E-03 3.915200E-04 3.915200E-04 7.830500E-04 0.000000E+00 0.000000E+00
 0.000000E+00 0.000000E+00 0.000000E+00 1.000000E-35 1.000000E-35 1.000000E-35
 1.000000E-35 1.000000E-35 1.000000E-35 1.000000E-35 1.000000E-35 1.000000E-35
 1.000000E-35 1.000000E-35 1.000000E-35 1.000000E-35 1.000000E-35 1.000000E-35
 1.000000E-35 1.000000E-35 1.000000E-35 1.000000E-35 1.000000E-35 1.000000E-35
 1.000000E-35 1.000000E-35 1.000000E-35 1.000000E-35 1.000000E-35 0.000000E+00
 0.000000E+00 1.000000E-35 0.000000E+00 0.000000E+00 1.000000E-35 0.000000E+00
 0.000000E+00 1.000000E-35 0.000000E+00 0.000000E+00 1.000000E-35 0.000000E+00
 1.000000E-35 1.000000E-35 1.000000E-35 1.000000E-35 1.000000E-35 1.000000E-35
 1.000000E-35 1.000000E-35 1.000000E-35 1.000000E-35 1.000000E-35 1.000000E-35
 1.000000E-35 1.000000E-35 1.000000E-35 1.000000E-35
      1007        21        36
NASTRAN PBAR     1007
 3.138500E-03 3.915200E-04 3.915200E-04 7.830500E-04 0.000000E+00 0.000000E+00
 0.000000E+00 0.000000E+00 0.000000E+00 1.000000E-35 1.000000E-35 1.000000E-35
 1.000000E-35 1.000000E-35 1.000000E-35 1.000000E-35 1.000000E-35 1.000000E-35
 1.000000E-35 1.000000E-35 1.000000E-35 1.000000E-35 1.000000E-35 1.000000E-35
 1.000000E-35 1.000000E-35 1.000000E-35 1.000000E-35 1.000000E-35 1.000000E-35
 1.000000E-35 1.000000E-35 1.000000E-35 1.000000E-35 1.000000E-35 0.000000E+00
 0.000000E+00 1.000000E-35 0.000000E+00 0.000000E+00 1.000000E-35 0.000000E+00
 0.000000E+00 1.000000E-35 0.000000E+00 0.000000E+00 1.000000E-35 0.000000E+00
 1.000000E-35 1.000000E-35 1.000000E-35 1.000000E-35 1.000000E-35 1.000000E-35
 1.000000E-35 1.000000E-35 1.000000E-35 1.000000E-35 1.000000E-35 1.000000E-35
 1.000000E-35 1.000000E-35 1.000000E-35 1.000000E-35
      1008        21        36
NASTRAN PBAR     1008
 3.138500E-03 3.915200E-04 3.915200E-04 7.830500E-04 0.000000E+00 0.000000E+00
 0.000000E+00 0.000000E+00 0.000000E+00 1.000000E-35 1.000000E-35 1.000000E-35
 1.000000E-35 1.000000E-35 1.000000E-35 1.000000E-35 1.000000E-35 1.000000E-35
 1.000000E-35 1.000000E-35 1.000000E-35 1.000000E-35 1.000000E-35 1.000000E-35
 1.000000E-35 1.000000E-35 1.000000E-35 1.000000E-35 1.000000E-35 1.000000E-35
 1.000000E-35 1.000000E-35 1.000000E-35 1.000000E-35 1.000000E-35 0.000000E+00
 0.000000E+00 1.000000E-35 0.000000E+00 0.000000E+00 1.000000E-35 0.000000E+00
 0.000000E+00 1.000000E-35 0.000000E+00 0.000000E+00 1.000000E-35 0.000000E+00
 1.000000E-35 1.000000E-35 1.000000E-35 1.000000E-35 1.000000E-35 1.000000E-35
 1.000000E-35 1.000000E-35 1.000000E-35 1.000000E-35 1.000000E-35 1.000000E-35
 1.000000E-35 1.000000E-35 1.000000E-35 1.000000E-35
      1009        21        36
NASTRAN PBAR     1009
 3.138500E-03 3.915200E-04 3.915200E-04 7.830500E-04 0.000000E+00 0.000000E+00
 0.000000E+00 0.000000E+00 0.000000E+00 1.000000E-35 1.000000E-35 1.000000E-35
 1.000000E-35 1.000000E-35 1.000000E-35 1.000000E-35 1.000000E-35 1.000000E-35
 1.000000E-35 1.000000E-35 1.000000E-35 1.000000E-35 1.000000E-35 1.000000E-35
 1.000000E-35 1.000000E-35 1.000000E-35 1.000000E-35 1.000000E-35 1.000000E-35
 1.000000E-35 1.000000E-35 1.000000E-35 1.000000E-35 1.000000E-35 0.000000E+00
 0.000000E+00 1.000000E-35 0.000000E+00 0.000000E+00 1.000000E-35 0.000000E+00
 0.000000E+00 1.000000E-35 0.000000E+00 0.000000E+00 1.000000E-35 0.000000E+00
 1.000000E-35 1.000000E-35 1.000000E-35 1.000000E-35 1.000000E-35 1.000000E-35
 1.000000E-35 1.000000E-35 1.000000E-35 1.000000E-35 1.000000E-35 1.000000E-35
 1.000000E-35 1.000000E-35 1.000000E-35 1.000000E-35
      1010        21        36
NASTRAN PBAR     1010
 3.138500E-03 3.915200E-04 3.915200E-04 7.830500E-04 0.000000E+00 0.000000E+00
 0.000000E+00 0.000000E+00 0.000000E+00 1.000000E-35 1.000000E-35 1.000000E-35
 1.000000E-35 1.000000E-35 1.000000E-35 1.000000E-35 1.000000E-35 1.000000E-35
 1.000000E-35 1.000000E-35 1.000000E-35 1.000000E-35 1.000000E-35 1.000000E-35
 1.000000E-35 1.000000E-35 1.000000E-35 1.000000E-35 1.000000E-35 1.000000E-35
 1.000000E-35 1.000000E-35 1.000000E-35 1.000000E-35 1.000000E-35 0.000000E+00
 0.000000E+00 1.000000E-35 0.000000E+00 0.000000E+00 1.000000E-35 0.000000E+00
 0.000000E+00 1.000000E-35 0.000000E+00 0.000000E+00 1.000000E-35 0.000000E+00
 1.000000E-35 1.000000E-35 1.000000E-35 1.000000E-35 1.000000E-35 1.000000E-35
 1.000000E-35 1.000000E-35 1.000000E-35 1.000000E-35 1.000000E-35 1.000000E-35
 1.000000E-35 1.000000E-35 1.000000E-35 1.000000E-35
      1011        21        36
NASTRAN PBAR     1011
 3.138500E-03 3.915200E-04 3.915200E-04 7.830500E-04 0.000000E+00 0.000000E+00
 0.000000E+00 0.000000E+00 0.000000E+00 1.000000E-35 1.000000E-35 1.000000E-35
 1.000000E-35 1.000000E-35 1.000000E-35 1.000000E-35 1.000000E-35 1.000000E-35
 1.000000E-35 1.000000E-35 1.000000E-35 1.000000E-35 1.000000E-35 1.000000E-35
 1.000000E-35 1.000000E-35 1.000000E-35 1.000000E-35 1.000000E-35 1.000000E-35
 1.000000E-35 1.000000E-35 1.000000E-35 1.000000E-35 1.000000E-35 0.000000E+00
 0.000000E+00 1.000000E-35 0.000000E+00 0.000000E+00 1.000000E-35 0.000000E+00
 0.000000E+00 1.000000E-35 0.000000E+00 0.000000E+00 1.000000E-35 0.000000E+00
 1.000000E-35 1.000000E-35 1.000000E-35 1.000000E-35 1.000000E-35 1.000000E-35
 1.000000E-35 1.000000E-35 1.000000E-35 1.000000E-35 1.000000E-35 1.000000E-35
 1.000000E-35 1.000000E-35 1.000000E-35 1.000000E-35
      1012        21        36
NASTRAN PBAR     1012
 3.138500E-03 3.915200E-04 3.915200E-04 7.830500E-04 0.000000E+00 0.000000E+00
 0.000000E+00 0.000000E+00 0.000000E+00 1.000000E-35 1.000000E-35 1.000000E-35
 1.000000E-35 1.000000E-35 1.000000E-35 1.000000E-35 1.000000E-35 1.000000E-35
 1.000000E-35 1.000000E-35 1.000000E-35 1.000000E-35 1.000000E-35 1.000000E-35
 1.000000E-35 1.000000E-35 1.000000E-35 1.000000E-35 1.000000E-35 1.000000E-35
 1.000000E-35 1.000000E-35 1.000000E-35 1.000000E-35 1.000000E-35 0.000000E+00
 0.000000E+00 1.000000E-35 0.000000E+00 0.000000E+00 1.000000E-35 0.000000E+00
 0.000000E+00 1.000000E-35 0.000000E+00 0.000000E+00 1.000000E-35 0.000000E+00
 1.000000E-35 1.000000E-35 1.000000E-35 1.000000E-35 1.000000E-35 1.000000E-35
 1.000000E-35 1.000000E-35 1.000000E-35 1.000000E-35 1.000000E-35 1.000000E-35
 1.000000E-35 1.000000E-35 1.000000E-35 1.000000E-35
      1013        21        36
NASTRAN PBAR     1013
 3.138500E-03 3.915200E-04 3.915200E-04 7.830500E-04 0.000000E+00 0.000000E+00
 0.000000E+00 0.000000E+00 0.000000E+00 1.000000E-35 1.000000E-35 1.000000E-35
 1.000000E-35 1.000000E-35 1.000000E-35 1.000000E-35 1.000000E-35 1.000000E-35
 1.000000E-35 1.000000E-35 1.000000E-35 1.000000E-35 1.000000E-35 1.000000E-35
 1.000000E-35 1.000000E-35 1.000000E-35 1.000000E-35 1.000000E-35 1.000000E-35
 1.000000E-35 1.000000E-35 1.000000E-35 1.000000E-35 1.000000E-35 0.000000E+00
 0.000000E+00 1.000000E-35 0.000000E+00 0.000000E+00 1.000000E-35 0.000000E+00
 0.000000E+00 1.000000E-35 0.000000E+00 0.000000E+00 1.000000E-35 0.000000E+00
 1.000000E-35 1.000000E-35 1.000000E-35 1.000000E-35 1.000000E-35 1.000000E-35
 1.000000E-35 1.000000E-35 1.000000E-35 1.000000E-35 1.000000E-35 1.000000E-35
 1.000000E-35 1.000000E-35 1.000000E-35 1.000000E-35
      1014        21        36
NASTRAN PBAR     1014
 3.138500E-03 3.915200E-04 3.915200E-04 7.830500E-04 0.000000E+00 0.000000E+00
 0.000000E+00 0.000000E+00 0.000000E+00 1.000000E-35 1.000000E-35 1.000000E-35
 1.000000E-35 1.000000E-35 1.000000E-35 1.000000E-35 1.000000E-35 1.000000E-35
 1.000000E-35 1.000000E-35 1.000000E-35 1.000000E-35 1.000000E-35 1.000000E-35
 1.000000E-35 1.000000E-35 1.000000E-35 1.000000E-35 1.000000E-35 1.000000E-35
 1.000000E-35 1.000000E-35 1.000000E-35 1.000000E-35 1.000000E-35 0.000000E+00
 0.000000E+00 1.000000E-35 0.000000E+00 0.000000E+00 1.000000E-35 0.000000E+00
 0.000000E+00 1.000000E-35 0.000000E+00 0.000000E+00 1.000000E-35 0.000000E+00
 1.000000E-35 1.000000E-35 1.000000E-35 1.000000E-35 1.000000E-35 1.000000E-35
 1.000000E-35 1.000000E-35 1.000000E-35 1.000000E-35 1.000000E-35 1.000000E-35
 1.000000E-35 1.000000E-35 1.000000E-35 1.000000E-35
      1015        21        36
NASTRAN PBAR     1015
 3.138500E-03 3.915200E-04 3.915200E-04 7.830500E-04 0.000000E+00 0.000000E+00
 0.000000E+00 0.000000E+00 0.000000E+00 1.000000E-35 1.000000E-35 1.000000E-35
 1.000000E-35 1.000000E-35 1.000000E-35 1.000000E-35 1.000000E-35 1.000000E-35
 1.000000E-35 1.000000E-35 1.000000E-35 1.000000E-35 1.000000E-35 1.000000E-35
 1.000000E-35 1.000000E-35 1.000000E-35 1.000000E-35 1.000000E-35 1.000000E-35
 1.000000E-35 1.000000E-35 1.000000E-35 1.000000E-35 1.000000E-35 0.000000E+00
 0.000000E+00 1.000000E-35 0.000000E+00 0.000000E+00 1.000000E-35 0.000000E+00
 0.000000E+00 1.000000E-35 0.000000E+00 0.000000E+00 1.000000E-35 0.000000E+00
 1.000000E-35 1.000000E-35 1.000000E-35 1.000000E-35 1.000000E-35 1.000000E-35
 1.000000E-35 1.000000E-35 1.000000E-35 1.000000E-35 1.000000E-35 1.000000E-35
 1.000000E-35 1.000000E-35 1.000000E-35 1.000000E-35
      1016        21        36
NASTRAN PBAR     1016
 3.138500E-03 3.915200E-04 3.915200E-04 7.830500E-04 0.000000E+00 0.000000E+00
 0.000000E+00 0.000000E+00 0.000000E+00 1.000000E-35 1.000000E-35 1.000000E-35
 1.000000E-35 1.000000E-35 1.000000E-35 1.000000E-35 1.000000E-35 1.000000E-35
 1.000000E-35 1.000000E-35 1.000000E-35 1.000000E-35 1.000000E-35 1.000000E-35
 1.000000E-35 1.000000E-35 1.000000E-35 1.000000E-35 1.000000E-35 1.000000E-35
 1.000000E-35 1.000000E-35 1.000000E-35 1.000000E-35 1.000000E-35 0.000000E+00
 0.000000E+00 1.000000E-35 0.000000E+00 0.000000E+00 1.000000E-35 0.000000E+00
 0.000000E+00 1.000000E-35 0.000000E+00 0.000000E+00 1.000000E-35 0.000000E+00
 1.000000E-35 1.000000E-35 1.000000E-35 1.000000E-35 1.000000E-35 1.000000E-35
 1.000000E-35 1.000000E-35 1.000000E-35 1.000000E-35 1.000000E-35 1.000000E-35
 1.000000E-35 1.000000E-35 1.000000E-35 1.000000E-35
      1017        21        36
NASTRAN PBAR     1017
 3.138500E-03 3.915200E-04 3.915200E-04 7.830500E-04 0.000000E+00 0.000000E+00
 0.000000E+00 0.000000E+00 0.000000E+00 1.000000E-35 1.000000E-35 1.000000E-35
 1.000000E-35 1.000000E-35 1.000000E-35 1.000000E-35 1.000000E-35 1.000000E-35
 1.000000E-35 1.000000E-35 1.000000E-35 1.000000E-35 1.000000E-35 1.000000E-35
 1.000000E-35 1.000000E-35 1.000000E-35 1.000000E-35 1.000000E-35 1.000000E-35
 1.000000E-35 1.000000E-35 1.000000E-35 1.000000E-35 1.000000E-35 0.000000E+00
 0.000000E+00 1.000000E-35 0.000000E+00 0.000000E+00 1.000000E-35 0.000000E+00
 0.000000E+00 1.000000E-35 0.000000E+00 0.000000E+00 1.000000E-35 0.000000E+00
 1.000000E-35 1.000000E-35 1.000000E-35 1.000000E-35 1.000000E-35 1.000000E-35
 1.000000E-35 1.000000E-35 1.000000E-35 1.000000E-35 1.000000E-35 1.000000E-35
 1.000000E-35 1.000000E-35 1.000000E-35 1.000000E-35
      1018        21        36
NASTRAN PBAR     1018
 3.138500E-03 3.915200E-04 3.915200E-04 7.830500E-04 0.000000E+00 0.000000E+00
 0.000000E+00 0.000000E+00 0.000000E+00 1.000000E-35 1.000000E-35 1.000000E-35
 1.000000E-35 1.000000E-35 1.000000E-35 1.000000E-35 1.000000E-35 1.000000E-35
 1.000000E-35 1.000000E-35 1.000000E-35 1.000000E-35 1.000000E-35 1.000000E-35
 1.000000E-35 1.000000E-35 1.000000E-35 1.000000E-35 1.000000E-35 1.000000E-35
 1.000000E-35 1.000000E-35 1.000000E-35 1.000000E-35 1.000000E-35 0.000000E+00
 0.000000E+00 1.000000E-35 0.000000E+00 0.000000E+00 1.000000E-35 0.000000E+00
 0.000000E+00 1.000000E-35 0.000000E+00 0.000000E+00 1.000000E-35 0.000000E+00
 1.000000E-35 1.000000E-35 1.000000E-35 1.000000E-35 1.000000E-35 1.000000E-35
 1.000000E-35 1.000000E-35 1.000000E-35 1.000000E-35 1.000000E-35 1.000000E-35
 1.000000E-35 1.000000E-35 1.000000E-35 1.000000E-35
      1019        21        36
NASTRAN PBAR     1019
 3.138500E-03 3.915200E-04 3.915200E-04 7.830500E-04 0.000000E+00 0.000000E+00
 0.000000E+00 0.000000E+00 0.000000E+00 1.000000E-35 1.000000E-35 1.000000E-35
 1.000000E-35 1.000000E-35 1.000000E-35 1.000000E-35 1.000000E-35 1.000000E-35
 1.000000E-35 1.000000E-35 1.000000E-35 1.000000E-35 1.000000E-35 1.000000E-35
 1.000000E-35 1.000000E-35 1.000000E-35 1.000000E-35 1.000000E-35 1.000000E-35
 1.000000E-35 1.000000E-35 1.000000E-35 1.000000E-35 1.000000E-35 0.000000E+00
 0.000000E+00 1.000000E-35 0.000000E+00 0.000000E+00 1.000000E-35 0.000000E+00
 0.000000E+00 1.000000E-35 0.000000E+00 0.000000E+00 1.000000E-35 0.000000E+00
 1.000000E-35 1.000000E-35 1.000000E-35 1.000000E-35 1.000000E-35 1.000000E-35
 1.000000E-35 1.000000E-35 1.000000E-35 1.000000E-35 1.000000E-35 1.000000E-35
 1.000000E-35 1.000000E-35 1.000000E-35 1.000000E-35
      1020        21        36
NASTRAN PBAR     1020
 3.138500E-03 3.915200E-04 3.915200E-04 7.830500E-04 0.000000E+00 0.000000E+00
 0.000000E+00 0.000000E+00 0.000000E+00 1.000000E-35 1.000000E-35 1.000000E-35
 1.000000E-35 1.000000E-35 1.000000E-35 1.000000E-35 1.000000E-35 1.000000E-35
 1.000000E-35 1.000000E-35 1.000000E-35 1.000000E-35 1.000000E-35 1.000000E-35
 1.000000E-35 1.000000E-35 1.000000E-35 1.000000E-35 1.000000E-35 1.000000E-35
 1.000000E-35 1.000000E-35 1.000000E-35 1.000000E-35 1.000000E-35 0.000000E+00
 0.000000E+00 1.000000E-35 0.000000E+00 0.000000E+00 1.000000E-35 0.000000E+00
 0.000000E+00 1.000000E-35 0.000000E+00 0.000000E+00 1.000000E-35 0.000000E+00
 1.000000E-35 1.000000E-35 1.000000E-35 1.000000E-35 1.000000E-35 1.000000E-35
 1.000000E-35 1.000000E-35 1.000000E-35 1.000000E-35 1.000000E-35 1.000000E-35
 1.000000E-35 1.000000E-35 1.000000E-35 1.000000E-35
         1        90         7
NASTRAN PSHELL        1
 2.500000E-01 0.000000E+00 0.000000E+00 0.000000E+00 1.000000E+00 8.333333E-01
 0.000000E+00 1.000000E-35 1.000000E-35 1.000000E-35 1.000000E-35 1.000000E-35
 1.000000E-35 1.000000E-35 1.000000E-35 1.000000E-35 1.000000E-35 1.000000E-35
 1.000000E-35 1.000000E-35 1.000000E-35 1.000000E-35 1.000000E-35
         2        90         7
NASTRAN PSHELL        2
 2.500000E-01 0.000000E+00 0.000000E+00 0.000000E+00 1.000000E+00 8.333333E-01
 0.000000E+00 1.000000E-35 1.000000E-35 1.000000E-35 1.000000E-35 1.000000E-35
 1.000000E-35 1.000000E-35 1.000000E-35 1.000000E-35 1.000000E-35 1.000000E-35
 1.000000E-35 1.000000E-35 1.000000E-35 1.000000E-35 1.000000E-35
         3        90         7
NASTRAN PSHELL        3
 2.500000E-01 0.000000E+00 0.000000E+00 0.000000E+00 1.000000E+00 8.333333E-01
 0.000000E+00 1.000000E-35 1.000000E-35 1.000000E-35 1.000000E-35 1.000000E-35
 1.000000E-35 1.000000E-35 1.000000E-35 1.000000E-35 1.000000E-35 1.000000E-35
 1.000000E-35 1.000000E-35 1.000000E-35 1.000000E-35 1.000000E-35
         4        90         7
NASTRAN PSHELL        4
 1.000000E-03 0.000000E+00 0.000000E+00 0.000000E+00 1.000000E+00 8.333333E-01
 0.000000E+00 1.000000E-35 1.000000E-35 1.000000E-35 1.000000E-35 1.000000E-35
 1.000000E-35 1.000000E-35 1.000000E-35 1.000000E-35 1.000000E-35 1.000000E-35
 1.000000E-35 1.000000E-35 1.000000E-35 1.000000E-35 1.000000E-35
         5        90         7
NASTRAN PSHELL        5
 1.000000E-03 0.000000E+00 0.000000E+00 0.000000E+00 1.000000E+00 8.333333E-01
 0.000000E+00 1.000000E-35 1.000000E-35 1.000000E-35 1.000000E-35 1.000000E-35
 1.000000E-35 1.000000E-35 1.000000E-35 1.000000E-35 1.000000E-35 1.000000E-35
 1.000000E-35 1.000000E-35 1.000000E-35 1.000000E-35 1.000000E-35
    -1
    -1
   748
         1        94
 9.062156E-01 0.000000E+00-4.228159E-01
         2        94
 5.949067E-01 0.000000E+00-8.037949E-01
         5        94
-1.164862E-01 0.000000E+00-9.931923E-01
         6        94
-3.965921E-02 0.000000E+00-9.992133E-01
         7        94
-3.935500E-02 0.000000E+00-9.992253E-01
         8        94
-1.405159E-02 0.000000E+00-9.999012E-01
         9        94
 1.000000E+00 0.000000E+00 0.000000E+00
        10        94
 1.000000E+00 0.000000E+00 0.000000E+00
        11        94
 1.000000E+00 0.000000E+00 0.000000E+00
        12        94
 1.000000E+00 0.000000E+00 0.000000E+00
        13        94
 1.000000E+00 0.000000E+00 0.000000E+00
        14        94
 1.000000E+00 0.000000E+00 0.000000E+00
        15        94
 1.000000E+00 0.000000E+00 0.000000E+00
        16        94
 1.000000E+00 0.000000E+00 0.000000E+00
        17        94
 1.000000E+00 0.000000E+00 0.000000E+00
        18        94
 1.000000E+00 0.000000E+00 0.000000E+00
        19        94
 1.000000E+00 0.000000E+00 0.000000E+00
        20        94
 1.000000E+00 0.000000E+00 0.000000E+00
        21        94
 1.000000E+00 0.000000E+00 0.000000E+00
        22        94
 1.000000E+00 0.000000E+00 0.000000E+00
        23        94
 1.000000E+00 0.000000E+00 0.000000E+00
        24        94
 1.000000E+00 0.000000E+00 0.000000E+00
        25        94
 1.000000E+00 0.000000E+00 0.000000E+00
        26        94
 1.000000E+00 0.000000E+00 0.000000E+00
        27        94
 1.000000E+00 0.000000E+00 0.000000E+00
        28        94
 1.000000E+00 0.000000E+00 0.000000E+00
        29        94
 1.000000E+00 0.000000E+00 0.000000E+00
        30        94
 1.000000E+00 0.000000E+00 0.000000E+00
        31        94
 1.000000E+00 0.000000E+00 0.000000E+00
        32        94
 1.000000E+00 0.000000E+00 0.000000E+00
        33        94
 1.000000E+00 0.000000E+00 0.000000E+00
        34        94
 1.000000E+00 0.000000E+00 0.000000E+00
        35        94
 1.000000E+00 0.000000E+00 0.000000E+00
        36        94
 1.000000E+00 0.000000E+00 0.000000E+00
        37        94
 1.000000E+00 0.000000E+00 0.000000E+00
        38        94
 1.000000E+00 0.000000E+00 0.000000E+00
        39        94
 9.970554E-01-7.668506E-02 0.000000E+00
        40        94
 9.740885E-01-2.261674E-01 0.000000E+00
        41        94
 9.312549E-01-3.643686E-01 0.000000E+00
        42        94
 8.742725E-01-4.854354E-01 0.000000E+00
        43        94
 9.977371E-01-6.723785E-02 0.000000E+00
        44        94
 9.797604E-01-2.001736E-01 0.000000E+00
        45        94
 9.447068E-01-3.279162E-01 0.000000E+00
        46        94
 8.951073E-01-4.458506E-01 0.000000E+00
        47        94
 9.983481E-01-5.745464E-02 0.000000E+00
        48        94
 9.850306E-01-1.723793E-01 0.000000E+00
        49        94
 9.580420E-01-2.866281E-01 0.000000E+00
        50        94
 9.175066E-01-3.977208E-01 0.000000E+00
        51        94
 9.996580E-01 2.614959E-02 0.000000E+00
        52        94
 9.961637E-01 8.750906E-02 0.000000E+00
        53        94
 9.822868E-01 1.873835E-01 0.000000E+00
        54        94
 9.990192E-01 4.427939E-02 0.000000E+00
        55        94
 9.873533E-01 1.585351E-01 0.000000E+00
        56        94
 9.196402E-01 3.927619E-01 0.000000E+00
        57        94
 9.960634E-01 8.864396E-02 0.000000E+00
        58        94
 9.357893E-01 3.525598E-01 0.000000E+00
        59        94
 6.415065E-01 7.671176E-01 0.000000E+00
        60        94
 9.941568E-01-1.079465E-01 0.000000E+00
        61        94
 9.968840E-01-7.888157E-02 0.000000E+00
        62        94
 9.984348E-01-5.592624E-02 0.000000E+00
        63        94
 9.857656E-01 1.681255E-01 0.000000E+00
        64        94
 9.923301E-01 1.236159E-01 0.000000E+00
        65        94
 9.961341E-01 8.784521E-02 0.000000E+00
        66        94
 9.063078E-01 4.226183E-01 0.000000E+00
        67        94
 9.441306E-01 3.295716E-01 0.000000E+00
        68        94
 9.705992E-01 2.407019E-01 0.000000E+00
        69        94
 7.843935E-01 6.202636E-01 0.000000E+00
        70        94
 8.496430E-01 5.273584E-01 0.000000E+00
        71        94
 9.119706E-01 4.102555E-01 0.000000E+00
        72        94
 6.607667E-01 7.505913E-01 0.000000E+00
        73        94
 7.276118E-01 6.859891E-01 0.000000E+00
        74        94
 8.134740E-01 5.816013E-01 0.000000E+00
        75        94
 8.649889E-01 5.017911E-01 0.000000E+00
        76        94
 6.781714E-01 7.349038E-01 0.000000E+00
        77        94
 5.379675E-01 8.429656E-01 0.000000E+00
        78        94
 9.693446E-01 2.457050E-01 0.000000E+00
        79        94
 8.974123E-01 4.411928E-01 0.000000E+00
        80        94
 7.540993E-01 6.567604E-01 0.000000E+00
        81        94
 9.971291E-01 7.571959E-02 0.000000E+00
        82        94
 9.903222E-01 1.387877E-01 0.000000E+00
        83        94
 9.649701E-01 2.623598E-01 0.000000E+00
        84        94
 9.980128E-01-6.301130E-02 0.000000E+00
        85        94
 9.933178E-01-1.154109E-01 0.000000E+00
        86        94
 9.754377E-01-2.202756E-01 0.000000E+00
        87        94
 9.737204E-01-2.277468E-01 0.000000E+00
        88        94
 9.112907E-01-4.117636E-01 0.000000E+00
        89        94
 7.762315E-01-6.304480E-01 0.000000E+00
        90        94
 9.113880E-01 4.115480E-01 0.000000E+00
        91        94
 9.890642E-01 1.474853E-01 0.000000E+00
        92        94
 9.911123E-01-1.330282E-01 0.000000E+00
        93        94
 9.506704E-01 3.102030E-01 0.000000E+00
        94        94
 9.944968E-01 1.047667E-01 0.000000E+00
        95        94
 9.955384E-01-9.435807E-02 0.000000E+00
        96        94
 9.753956E-01 2.204621E-01 0.000000E+00
        97        94
 9.973449E-01 7.282286E-02 0.000000E+00
        98        94
 9.978490E-01-6.555372E-02 0.000000E+00
        99        94
 9.765699E-01-2.152000E-01 0.000000E+00
       100        94
 9.972786E-01-7.372652E-02 0.000000E+00
       101        94
 9.977911E-01 6.643081E-02 0.000000E+00
       102        94
 9.645228E-01-2.639993E-01 0.000000E+00
       103        94
 9.957600E-01-9.199024E-02 0.000000E+00
       104        94
 9.965556E-01 8.292729E-02 0.000000E+00
       105        94
 9.510683E-01-3.089804E-01 0.000000E+00
       106        94
 9.939172E-01-1.101302E-01 0.000000E+00
       107        94
 9.950539E-01 9.933662E-02 0.000000E+00
       108        94
 9.287256E-01 3.707678E-01 0.000000E+00
       109        94
 9.182039E-01 3.961079E-01 0.000000E+00
       110        94
 8.970594E-01 4.419099E-01 0.000000E+00
       111        94
 9.608506E-01 2.770672E-01 0.000000E+00
       112        94
 9.625751E-01 2.710151E-01 0.000000E+00
       113        94
 9.618986E-01 2.734065E-01 0.000000E+00
       114        94
 9.829884E-01 1.836678E-01 0.000000E+00
       115        94
 9.887115E-01 1.498317E-01 0.000000E+00
       116        94
 9.933321E-01 1.152883E-01 0.000000E+00
       117        94
 9.811034E-01 1.934837E-01 0.000000E+00
       118        94
 9.564407E-01 2.919267E-01 0.000000E+00
       119        94
 9.240159E-01 3.823539E-01 0.000000E+00
       120        94
 8.752826E-01 4.836119E-01 0.000000E+00
       121        94
 8.709739E-01 4.913293E-01 0.000000E+00
       122        94
 8.577089E-01 5.141356E-01 0.000000E+00
       123        94
 6.336418E-01 7.736266E-01 0.000000E+00
       124        94
 7.326868E-01 6.805661E-01 0.000000E+00
       125        94
 7.739724E-01 6.332194E-01 0.000000E+00
       126        94
 9.805576E-01-1.962316E-01 0.000000E+00
       127        94
 9.981349E-01-6.104698E-02 0.000000E+00
       128        94
 9.888515E-01 1.489051E-01 0.000000E+00
       129        94
 9.470364E-01 3.211261E-01 0.000000E+00
       130        94
 9.529291E-01-3.031934E-01 0.000000E+00
       131        94
 9.954726E-01-9.504887E-02 0.000000E+00
       132        94
 9.881662E-01 1.533875E-01 0.000000E+00
       133        94
 9.251380E-01 3.796309E-01 0.000000E+00
       134        94
 8.936809E-01-4.487032E-01 0.000000E+00
       135        94
 9.884716E-01-1.514069E-01 0.000000E+00
       136        94
 9.854404E-01 1.700217E-01 0.000000E+00
       137        94
 8.739684E-01 4.859827E-01 0.000000E+00
       138        94
 9.355968E-01 3.530703E-01 0.000000E+00
       139        94
 9.920923E-01 1.255112E-01 0.000000E+00
       140        94
 9.933996E-01-1.147040E-01 0.000000E+00
       141        94
 9.391968E-01-3.433792E-01 0.000000E+00
       142        94
 9.590753E-01 2.831512E-01 0.000000E+00
       143        94
 9.952863E-01 9.698073E-02 0.000000E+00
       144        94
 9.960712E-01-8.855714E-02 0.000000E+00
       145        94
 9.615197E-01-2.747360E-01 0.000000E+00
       146        94
 9.764002E-01 2.159690E-01 0.000000E+00
       147        94
 9.973683E-01 7.250126E-02 0.000000E+00
       148        94
 9.978081E-01-6.617318E-02 0.000000E+00
       149        94
 9.778613E-01-2.092539E-01 0.000000E+00
       150        94
 8.527649E-01 5.222948E-01 0.000000E+00
       151        94
 7.288896E-01 6.846312E-01 0.000000E+00
       152        94
 5.532132E-01 8.330397E-01 0.000000E+00
       153        94
 3.775524E-01 9.259883E-01 0.000000E+00
       154        94
 7.731152E-01 6.342655E-01 0.000000E+00
       155        94
 5.961014E-01 8.029091E-01 0.000000E+00
       156        94
 4.160033E-01 9.093632E-01 0.000000E+00
       157        94
 2.758920E-01 9.611886E-01 0.000000E+00
       158        94
 6.642109E-01 7.475453E-01 0.000000E+00
       159        94
 4.759917E-01 8.794497E-01 0.000000E+00
       160        94
 3.258757E-01 9.454126E-01 0.000000E+00
       161        94
 2.174721E-01 9.760665E-01 0.000000E+00
       162        94
 8.488852E-01-5.285770E-01 0.000000E+00
       163        94
 7.550232E-01-6.556981E-01 0.000000E+00
       164        94
 6.652282E-01-7.466400E-01 0.000000E+00
       165        94
 5.866309E-01-8.098544E-01 0.000000E+00
       166        94
 8.869070E-01-4.619481E-01 0.000000E+00
       167        94
 8.008387E-01-5.988801E-01 0.000000E+00
       168        94
 7.090744E-01-7.051337E-01 0.000000E+00
       169        94
 6.236908E-01-7.816711E-01 0.000000E+00
       170        94
 9.237061E-01-3.831021E-01 0.000000E+00
       171        94
 8.537246E-01-5.207247E-01 0.000000E+00
       172        94
 7.671255E-01-6.414970E-01 0.000000E+00
       173        94
 6.770456E-01-7.359411E-01-6.104954E-17
       174        94
 9.976769E-01-6.812261E-02 0.000000E+00
       175        94
 9.976087E-01-6.911409E-02 0.000000E+00
       176        94
 9.974452E-01-7.143641E-02 0.000000E+00
       177        94
 9.966256E-01 8.208200E-02 0.000000E+00
       178        94
 9.978266E-01 6.589457E-02 0.000000E+00
       179        94
 9.989192E-01 4.647928E-02 0.000000E+00
       180        94
 9.746244E-01 2.238466E-01 0.000000E+00
       181        94
 9.804931E-01 1.965535E-01 0.000000E+00
       182        94
 9.865505E-01 1.634569E-01 0.000000E+00
       183        94
 9.364038E-01 3.509247E-01 0.000000E+00
       184        94
 9.479663E-01 3.183706E-01 0.000000E+00
       185        94
 9.608359E-01 2.771178E-01 0.000000E+00
       186        94
 8.880041E-01 4.598357E-01 0.000000E+00
       187        94
 9.041080E-01 4.273040E-01 0.000000E+00
       188        94
 9.233617E-01 3.839312E-01-2.506131E-17
       189        94
 9.946427E-01 2.033316E-02-1.013531E-01
       190        94
 9.504800E-01 4.987325E-02-3.067579E-01
       191        94
 9.951959E-01 4.618310E-03-9.779521E-02
       192        94
 9.554645E-01 3.524523E-02-2.929935E-01
       193        94
 9.955438E-01-1.051561E-02-9.371195E-02
       194        94
 9.606057E-01 2.107962E-02-2.771141E-01
       195        94
 9.957193E-01-2.492569E-02-8.900380E-02
       196        94
 9.659322E-01 7.522135E-03-2.586860E-01
       197        94
 9.957622E-01-3.844971E-02-8.354113E-02
       198        94
 9.714606E-01-5.276381E-03-2.371424E-01
       199        94
-1.509099E-02-9.995105E-01-2.740454E-02
       200        94
-8.830515E-03-9.995010E-01-3.032665E-02
       201        94
-3.100939E-03-9.994410E-01-3.328881E-02
       202        94
 1.986160E-03-9.993399E-01-3.627267E-02
       203        94
 6.305069E-03-9.992092E-01-3.925869E-02
       204        94
-4.720161E-02-9.986671E-01-2.088345E-02
       205        94
-4.224244E-02-9.988074E-01-2.448218E-02
       206        94
-3.774225E-02-9.988979E-01-2.790212E-02
       207        94
-3.379590E-02-9.989449E-01-3.109477E-02
       208        94
-3.051629E-02-9.989556E-01-3.400694E-02
       209        94
 1.129787E-01 1.792943E-02 9.934356E-01
       210        94
 3.153329E-01 5.661565E-02 9.472907E-01
       213        94
-1.956855E-01-3.929152E-02-9.798793E-01
       214        94
-6.681986E-02-1.341902E-02-9.976748E-01
       215        94
-5.995568E-02-1.203740E-02-9.981285E-01
       216        94
-2.161293E-02-4.341170E-03-9.997571E-01
       217        94
-9.804329E-01-1.968534E-01 0.000000E+00
       218        94
-9.804327E-01-1.968544E-01-1.810720E-08
       219        94
-9.804329E-01-1.968539E-01 0.000000E+00
       220        94
-9.804327E-01-1.968543E-01 0.000000E+00
       221        94
-9.804329E-01-1.968534E-01 0.000000E+00
       222        94
-9.804327E-01-1.968544E-01 1.810720E-08
       223        94
-9.804329E-01-1.968539E-01 0.000000E+00
       224        94
-9.804327E-01-1.968543E-01 0.000000E+00
       225        94
 1.000000E+00 0.000000E+00 0.000000E+00
       226        94
 1.000000E+00 0.000000E+00 0.000000E+00
       227        94
 9.920854E-01 1.255649E-01 0.000000E+00
       228        94
 9.804329E-01 1.968536E-01 0.000000E+00
       229        94
 1.000000E+00 0.000000E+00 0.000000E+00
       230        94
 1.000000E+00 0.000000E+00 0.000000E+00
       231        94
 9.920854E-01 1.255649E-01 0.000000E+00
       232        94
 9.804329E-01 1.968536E-01 0.000000E+00
       233        94
 1.000000E+00 0.000000E+00 0.000000E+00
       234        94
 1.000000E+00 0.000000E+00 0.000000E+00
       235        94
 1.000000E+00 0.000000E+00 0.000000E+00
       236        94
 1.000000E+00 0.000000E+00 0.000000E+00
       237        94
 1.000000E+00 0.000000E+00 0.000000E+00
       238        94
 1.000000E+00 0.000000E+00 0.000000E+00
       239        94
 1.000000E+00 0.000000E+00 0.000000E+00
       240        94
 1.000000E+00 0.000000E+00 0.000000E+00
       241        94
 1.000000E+00 0.000000E+00 0.000000E+00
       242        94
 1.000000E+00 0.000000E+00 0.000000E+00
       243        94
 1.000000E+00 0.000000E+00 0.000000E+00
       244        94
 1.000000E+00 0.000000E+00 0.000000E+00
      1001        94
 9.998595E-01 1.676874E-02 0.000000E+00
      1002        94
 9.989616E-01 4.556008E-02 0.000000E+00
      1003        94
 9.999988E-01 1.550840E-03 0.000000E+00
      1004        94
 9.995260E-01 3.078730E-02 0.000000E+00
      1005        94
 9.999146E-01-1.307234E-02 0.000000E+00
      1006        94
 9.998628E-01 1.656354E-02 0.000000E+00
      1007        94
 9.996362E-01-2.697382E-02 0.000000E+00
      1008        94
 9.999954E-01 3.031028E-03 0.000000E+00
      1009        94
 9.991987E-01-4.002345E-02 0.000000E+00
      1010        94
 9.999533E-01-9.672919E-03 0.000000E+00
      1011        94
 9.976721E-01 6.819236E-02 0.000000E+00
      1012        94
 9.981242E-01 6.122202E-02 0.000000E+00
      1013        94
 9.985259E-01 5.427761E-02 0.000000E+00
      1014        94
 9.988764E-01 4.739204E-02 0.000000E+00
      1015        94
 9.986423E-01 5.209075E-02 0.000000E+00
      1016        94
 9.990061E-01 4.457423E-02 0.000000E+00
      1017        94
 9.993130E-01 3.706038E-02 0.000000E+00
      1018        94
 9.995623E-01 2.958392E-02 0.000000E+00
      1019        94
 9.993533E-01 3.595746E-02 0.000000E+00
      1020        94
 9.996102E-01 2.791809E-02 0.000000E+00
      1021        94
 9.998025E-01 1.986899E-02 0.000000E+00
      1022        94
 9.999298E-01 1.184220E-02 0.000000E+00
      1023        94
 9.998045E-01 1.977751E-02 0.000000E+00
      1024        94
 9.999368E-01 1.124922E-02 0.000000E+00
      1025        94
 9.999963E-01 2.696389E-03 0.000000E+00
      1026        94
 9.999829E-01-5.848492E-03 0.000000E+00
      1027        94
 9.999937E-01 3.546585E-03 0.000000E+00
      1028        94
 9.999852E-01-5.447755E-03 0.000000E+00
      1029        94
 9.998953E-01-1.447297E-02 0.000000E+00
      1030        94
 9.997240E-01-2.349636E-02 0.000000E+00
      2001        94
-4.228159E-01 0.000000E+00 9.062156E-01
      2002        94
-8.037949E-01 0.000000E+00 5.949066E-01
      2005        94
-9.931923E-01 0.000000E+00-1.164862E-01
      2006        94
-9.992132E-01 0.000000E+00-3.965916E-02
      2007        94
-9.992253E-01 0.000000E+00-3.935507E-02
      2008        94
-9.999013E-01 0.000000E+00-1.405172E-02
      2009        94
 4.249650E-06 0.000000E+00 1.000000E+00
      2010        94
 1.166591E-06 0.000000E+00 1.000000E+00
      2011        94
 3.583100E-06 0.000000E+00 1.000000E+00
      2012        94
 2.416487E-06 0.000000E+00 1.000000E+00
      2013        94
 0.000000E+00 0.000000E+00 1.000000E+00
      2014        94
 0.000000E+00 0.000000E+00 1.000000E+00
      2015        94
 0.000000E+00 0.000000E+00 1.000000E+00
      2016        94
 0.000000E+00 0.000000E+00 1.000000E+00
      2017        94
 2.573619E-06 0.000000E+00 1.000000E+00
      2018        94
 7.115315E-06 0.000000E+00 1.000000E+00
      2019        94
 6.206881E-06 0.000000E+00 1.000000E+00
      2020        94
 5.147246E-06 0.000000E+00 1.000000E+00
      2021        94
 0.000000E+00 0.000000E+00 1.000000E+00
      2022        94
 0.000000E+00 0.000000E+00 1.000000E+00
      2023        94
 0.000000E+00 0.000000E+00 1.000000E+00
      2024        94
 0.000000E+00 0.000000E+00 1.000000E+00
      2025        94
 9.058610E-06 0.000000E+00 1.000000E+00
      2026        94
 4.858621E-06 0.000000E+00 1.000000E+00
      2027        94
 0.000000E+00 0.000000E+00 1.000000E+00
      2028        94
 0.000000E+00 0.000000E+00 1.000000E+00
      2029        94
 0.000000E+00 0.000000E+00 1.000000E+00
      2030        94
 0.000000E+00 0.000000E+00 1.000000E+00
      2031        94
 0.000000E+00 0.000000E+00 1.000000E+00
      2032        94
 0.000000E+00 0.000000E+00 1.000000E+00
      2033        94
 0.000000E+00 0.000000E+00 1.000000E+00
      2034        94
 4.195467E-06 0.000000E+00 1.000000E+00
      2035        94
 0.000000E+00 0.000000E+00 1.000000E+00
      2036        94
 0.000000E+00 0.000000E+00 1.000000E+00
      2037        94
 0.000000E+00 0.000000E+00 1.000000E+00
      2038        94
 0.000000E+00 0.000000E+00 1.000000E+00
      2039        94
 7.668500E-02-9.970554E-01 0.000000E+00
      2040        94
 2.261673E-01-9.740884E-01 0.000000E+00
      2041        94
 3.643684E-01-9.312548E-01 0.000000E+00
      2042        94
 4.854355E-01-8.742725E-01 0.000000E+00
      2043        94
 6.723786E-02-9.977370E-01 0.000000E+00
      2044        94
 2.001736E-01-9.797605E-01 0.000000E+00
      2045        94
 3.279163E-01-9.447068E-01 0.000000E+00
      2046        94
 4.458506E-01-8.951073E-01 0.000000E+00
      2047        94
 5.745458E-02-9.983481E-01 0.000000E+00
      2048        94
 1.723793E-01-9.850307E-01 0.000000E+00
      2049        94
 2.866280E-01-9.580420E-01 0.000000E+00
      2050        94
 3.977173E-01-9.175080E-01 0.000000E+00
      2051        94
-2.614949E-02-9.996580E-01 0.000000E+00
      2052        94
-8.750904E-02-9.961638E-01 0.000000E+00
      2053        94
-1.873827E-01-9.822870E-01 0.000000E+00
      2054        94
-4.427946E-02-9.990191E-01 0.000000E+00
      2055        94
-1.585352E-01-9.873533E-01 0.000000E+00
      2056        94
-3.927619E-01-9.196402E-01 0.000000E+00
      2057        94
-8.864395E-02-9.960634E-01 0.000000E+00
      2058        94
-3.525599E-01-9.357893E-01 0.000000E+00
      2059        94
-7.671176E-01-6.415065E-01 0.000000E+00
      2060        94
 1.079465E-01-9.941567E-01 0.000000E+00
      2061        94
 7.888157E-02-9.968840E-01 0.000000E+00
      2062        94
 5.592597E-02-9.984350E-01 0.000000E+00
      2063        94
-1.681255E-01-9.857656E-01 0.000000E+00
      2064        94
-1.236159E-01-9.923301E-01 0.000000E+00
      2065        94
-8.784488E-02-9.961342E-01 0.000000E+00
      2066        94
-4.226184E-01-9.063076E-01 0.000000E+00
      2067        94
-3.295716E-01-9.441306E-01 0.000000E+00
      2068        94
-2.406953E-01-9.706007E-01 0.000000E+00
      2069        94
-6.202634E-01-7.843936E-01 0.000000E+00
      2070        94
-5.273584E-01-8.496429E-01 0.000000E+00
      2071        94
-4.102609E-01-9.119683E-01 0.000000E+00
      2072        94
-7.505912E-01-6.607668E-01 0.000000E+00
      2073        94
-6.859891E-01-7.276118E-01 0.000000E+00
      2074        94
-5.816063E-01-8.134704E-01 0.000000E+00
      2075        94
-5.017911E-01-8.649889E-01 0.000000E+00
      2076        94
-7.349039E-01-6.781713E-01 0.000000E+00
      2077        94
-8.429654E-01-5.379676E-01 0.000000E+00
      2078        94
-2.457100E-01-9.693434E-01 0.000000E+00
      2079        94
-4.411928E-01-8.974123E-01 0.000000E+00
      2080        94
-6.567605E-01-7.540993E-01 0.000000E+00
      2081        94
-7.571043E-02-9.971299E-01 0.000000E+00
      2082        94
-1.387877E-01-9.903222E-01 0.000000E+00
      2083        94
-2.623598E-01-9.649701E-01 0.000000E+00
      2084        94
 6.300208E-02-9.980134E-01 0.000000E+00
      2085        94
 1.154054E-01-9.933185E-01 0.000000E+00
      2086        94
 2.202640E-01-9.754403E-01 0.000000E+00
      2087        94
 2.277517E-01-9.737192E-01 0.000000E+00
      2088        94
 4.117643E-01-9.112903E-01 0.000000E+00
      2089        94
 6.304545E-01-7.762262E-01 0.000000E+00
      2090        94
-4.115297E-01-9.113963E-01 0.000000E+00
      2091        94
-1.474739E-01-9.890659E-01 0.000000E+00
      2092        94
 1.330102E-01-9.911147E-01 0.000000E+00
      2093        94
-3.102067E-01-9.506691E-01 0.000000E+00
      2094        94
-1.047600E-01-9.944975E-01 0.000000E+00
      2095        94
 9.437671E-02-9.955366E-01 0.000000E+00
      2096        94
-2.204773E-01-9.753921E-01 0.000000E+00
      2097        94
-7.282346E-02-9.973449E-01 0.000000E+00
      2098        94
 6.555850E-02-9.978487E-01 0.000000E+00
      2099        94
 2.152162E-01-9.765664E-01 0.000000E+00
      2100        94
 7.373390E-02-9.972780E-01 0.000000E+00
      2101        94
-6.643080E-02-9.977910E-01 0.000000E+00
      2102        94
 2.639993E-01-9.645228E-01 0.000000E+00
      2103        94
 9.199030E-02-9.957598E-01 0.000000E+00
      2104        94
-8.292727E-02-9.965556E-01 0.000000E+00
      2105        94
 3.089804E-01-9.510684E-01 0.000000E+00
      2106        94
 1.101302E-01-9.939172E-01 0.000000E+00
      2107        94
-9.933659E-02-9.950538E-01 0.000000E+00
      2108        94
-3.707678E-01-9.287255E-01 0.000000E+00
      2109        94
-3.961079E-01-9.182039E-01 0.000000E+00
      2110        94
-4.419099E-01-8.970594E-01 0.000000E+00
      2111        94
-2.770760E-01-9.608479E-01 0.000000E+00
      2112        94
-2.710222E-01-9.625731E-01 0.000000E+00
      2113        94
-2.734065E-01-9.618986E-01 0.000000E+00
      2114        94
-1.836612E-01-9.829896E-01 0.000000E+00
      2115        94
-1.498219E-01-9.887131E-01 0.000000E+00
      2116        94
-1.152884E-01-9.933320E-01 0.000000E+00
      2117        94
-1.934837E-01-9.811035E-01 0.000000E+00
      2118        94
-2.919359E-01-9.564379E-01 0.000000E+00
      2119        94
-3.823605E-01-9.240133E-01 0.000000E+00
      2120        94
-4.836151E-01-8.752808E-01 0.000000E+00
      2121        94
-4.913342E-01-8.709711E-01 0.000000E+00
      2122        94
-5.141385E-01-8.577071E-01 0.000000E+00
      2123        94
-7.736371E-01-6.336290E-01 0.000000E+00
      2124        94
-6.805687E-01-7.326843E-01 0.000000E+00
      2125        94
-6.332141E-01-7.739766E-01 0.000000E+00
      2126        94
 1.962349E-01-9.805569E-01 0.000000E+00
      2127        94
 6.105028E-02-9.981347E-01 0.000000E+00
      2128        94
-1.489030E-01-9.888518E-01 0.000000E+00
      2129        94
-3.211261E-01-9.470364E-01 0.000000E+00
      2130        94
 3.031934E-01-9.529290E-01 0.000000E+00
      2131        94
 9.504882E-02-9.954726E-01 0.000000E+00
      2132        94
-1.533874E-01-9.881662E-01 0.000000E+00
      2133        94
-3.796310E-01-9.251380E-01 0.000000E+00
      2134        94
 4.487032E-01-8.936809E-01 0.000000E+00
      2135        94
 1.514070E-01-9.884715E-01 0.000000E+00
      2136        94
-1.700217E-01-9.854403E-01 0.000000E+00
      2137        94
-4.859827E-01-8.739684E-01 0.000000E+00
      2138        94
-3.530723E-01-9.355960E-01 0.000000E+00
      2139        94
-1.255112E-01-9.920922E-01 0.000000E+00
      2140        94
 1.146908E-01-9.934013E-01 0.000000E+00
      2141        94
 3.433537E-01-9.392062E-01 0.000000E+00
      2142        94
-2.831668E-01-9.590707E-01 0.000000E+00
      2143        94
-9.698952E-02-9.952854E-01 0.000000E+00
      2144        94
 8.856911E-02-9.960700E-01 0.000000E+00
      2145        94
 2.747532E-01-9.615148E-01 0.000000E+00
      2146        94
-2.159625E-01-9.764016E-01 0.000000E+00
      2147        94
-7.250639E-02-9.973680E-01 0.000000E+00
      2148        94
 6.616190E-02-9.978089E-01 0.000000E+00
      2149        94
 2.092501E-01-9.778622E-01 0.000000E+00
      2150        94
-5.222948E-01-8.527650E-01 0.000000E+00
      2151        94
-6.846443E-01-7.288774E-01 0.000000E+00
      2152        94
-8.330399E-01-5.532128E-01 0.000000E+00
      2153        94
-9.259882E-01-3.775523E-01 0.000000E+00
      2154        94
-6.342767E-01-7.731061E-01 0.000000E+00
      2155        94
-8.029112E-01-5.960987E-01 0.000000E+00
      2156        94
-9.093588E-01-4.160126E-01 0.000000E+00
      2157        94
-9.611887E-01-2.758919E-01 0.000000E+00
      2158        94
-7.475436E-01-6.642127E-01 0.000000E+00
      2159        94
-8.794455E-01-4.759996E-01 0.000000E+00
      2160        94
-9.454122E-01-3.258771E-01 0.000000E+00
      2161        94
-9.760665E-01-2.174722E-01 0.000000E+00
      2162        94
 5.285589E-01-8.488966E-01 0.000000E+00
      2163        94
 6.556869E-01-7.550330E-01 0.000000E+00
      2164        94
 7.466344E-01-6.652346E-01 0.000000E+00
      2165        94
 8.098513E-01-5.866352E-01 0.000000E+00
      2166        94
 4.619583E-01-8.869017E-01 0.000000E+00
      2167        94
 5.988848E-01-8.008353E-01 0.000000E+00
      2168        94
 7.051353E-01-7.090728E-01 0.000000E+00
      2169        94
 7.816697E-01-6.236926E-01 0.000000E+00
      2170        94
 3.830964E-01-9.237083E-01 0.000000E+00
      2171        94
 5.207304E-01-8.537211E-01 0.000000E+00
      2172        94
 6.414995E-01-7.671233E-01 0.000000E+00
      2173        94
 7.359418E-01-6.770448E-01 2.259921E-17
      2174        94
 6.812263E-02-9.976770E-01 0.000000E+00
      2175        94
 6.911410E-02-9.976087E-01 0.000000E+00
      2176        94
 7.143642E-02-9.974452E-01 0.000000E+00
      2177        94
-8.208188E-02-9.966256E-01 0.000000E+00
      2178        94
-6.589662E-02-9.978264E-01 0.000000E+00
      2179        94
-4.648169E-02-9.989191E-01 0.000000E+00
      2180        94
-2.238465E-01-9.746244E-01 0.000000E+00
      2181        94
-1.965524E-01-9.804934E-01 0.000000E+00
      2182        94
-1.634582E-01-9.865502E-01 0.000000E+00
      2183        94
-3.509248E-01-9.364037E-01 0.000000E+00
      2184        94
-3.183706E-01-9.479663E-01 0.000000E+00
      2185        94
-2.771167E-01-9.608362E-01 0.000000E+00
      2186        94
-4.598368E-01-8.880034E-01 0.000000E+00
      2187        94
-4.273061E-01-9.041070E-01 0.000000E+00
      2188        94
-3.839313E-01-9.233617E-01 5.329124E-17
      2189        94
-1.933459E-02-9.997545E-01-1.082514E-02
      2190        94
-4.063631E-02-9.985097E-01-3.642918E-02
      2191        94
-3.755003E-03-9.999524E-01-9.009953E-03
      2192        94
-2.724292E-02-9.991372E-01-3.134948E-02
      2193        94
 1.124334E-02-9.999098E-01-7.341566E-03
      2194        94
-1.421862E-02-9.995412E-01-2.674510E-02
      2195        94
 2.555339E-02-9.996563E-01-5.846718E-03
      2196        94
-1.704379E-03-9.997407E-01-2.270668E-02
      2197        94
 3.896712E-02-9.992301E-01-4.549659E-03
      2198        94
 1.014801E-02-9.997618E-01-1.932677E-02
      2199        94
 9.190853E-01 3.072777E-03 3.940467E-01
      2200        94
 9.128549E-01-4.322500E-03 4.082615E-01
      2201        94
 9.053876E-01-1.132774E-02 4.244348E-01
      2202        94
 8.963559E-01-1.785987E-02 4.429752E-01
      2203        94
 8.852981E-01-2.383308E-02 4.644127E-01
      2204        94
 8.260602E-01 2.727200E-02 5.629216E-01
      2205        94
 8.222135E-01 2.083187E-02 5.687979E-01
      2206        94
 8.176643E-01 1.481899E-02 5.755047E-01
      2207        94
 8.122439E-01 9.324539E-03 5.832434E-01
      2208        94
 8.057277E-01 4.451211E-03 5.922694E-01
      2209        94
 9.744316E-01-1.934330E-01 1.143087E-01
      2210        94
 9.299476E-01-1.804872E-01 3.203467E-01
      2213        94
-9.607027E-01 1.929092E-01-1.995911E-01
      2214        94
-9.781499E-01 1.964125E-01-6.815388E-02
      2215        94
-9.785945E-01 1.965021E-01-6.115224E-02
      2216        94
-9.801912E-01 1.968229E-01-2.204456E-02
      2217        94
 0.000000E+00 0.000000E+00-1.000000E+00
      2218        94
 8.908377E-08 5.122317E-07-1.000000E+00
      2219        94
 0.000000E+00 5.345034E-07-1.000000E+00
      2220        94
 0.000000E+00 0.000000E+00-1.000000E+00
      2221        94
 0.000000E+00 0.000000E+00-1.000000E+00
      2222        94
-8.908377E-08-5.122317E-07-1.000000E+00
      2223        94
 0.000000E+00-5.345034E-07-1.000000E+00
      2224        94
 0.000000E+00 0.000000E+00-1.000000E+00
      2225        94
 1.052103E-06 0.000000E+00 1.000000E+00
      2226        94
 1.953910E-06 0.000000E+00 1.000000E+00
      2227        94
 1.207333E-06 1.075281E-06 1.000000E+00
      2228        94
 0.000000E+00 0.000000E+00 1.000000E+00
      2229        94
 0.000000E+00 0.000000E+00 1.000000E+00
      2230        94
 0.000000E+00 0.000000E+00 1.000000E+00
      2231        94
 0.000000E+00 0.000000E+00 1.000000E+00
      2232        94
 0.000000E+00 0.000000E+00 1.000000E+00
      2233        94
 9.058610E-06 0.000000E+00 1.000000E+00
      2234        94
 4.858621E-06 0.000000E+00 1.000000E+00
      2235        94
 0.000000E+00 0.000000E+00 1.000000E+00
      2236        94
 0.000000E+00 0.000000E+00 1.000000E+00
      2237        94
 0.000000E+00 0.000000E+00 1.000000E+00
      2238        94
 0.000000E+00 0.000000E+00 1.000000E+00
      2239        94
 0.000000E+00 0.000000E+00 1.000000E+00
      2240        94
 0.000000E+00 0.000000E+00 1.000000E+00
      2241        94
 2.535914E-06 0.000000E+00 1.000000E+00
      2242        94
 0.000000E+00 0.000000E+00 1.000000E+00
      2243        94
 0.000000E+00 0.000000E+00 1.000000E+00
      2244        94
 0.000000E+00 0.000000E+00 1.000000E+00
      3001        94
-1.676881E-02-9.998594E-01 0.000000E+00
      3002        94
-4.556003E-02-9.989616E-01 0.000000E+00
      3003        94
-1.550831E-03-9.999987E-01 0.000000E+00
      3004        94
-3.078726E-02-9.995260E-01 0.000000E+00
      3005        94
 1.307236E-02-9.999146E-01 0.000000E+00
      3006        94
-1.656353E-02-9.998628E-01 0.000000E+00
      3007        94
 2.697389E-02-9.996362E-01 0.000000E+00
      3008        94
-3.031142E-03-9.999954E-01 0.000000E+00
      3009        94
 4.002341E-02-9.991987E-01 0.000000E+00
      3010        94
 9.672996E-03-9.999532E-01 0.000000E+00
      3011        94
-6.819230E-02-9.976722E-01 0.000000E+00
      3012        94
-6.122201E-02-9.981242E-01 0.000000E+00
      3013        94
-5.427761E-02-9.985259E-01 0.000000E+00
      3014        94
-4.739201E-02-9.988764E-01 0.000000E+00
      3015        94
-5.209071E-02-9.986424E-01 0.000000E+00
      3016        94
-4.457418E-02-9.990062E-01 0.000000E+00
      3017        94
-3.706044E-02-9.993130E-01 0.000000E+00
      3018        94
-2.958400E-02-9.995623E-01 0.000000E+00
      3019        94
-3.595737E-02-9.993533E-01 0.000000E+00
      3020        94
-2.791816E-02-9.996102E-01 0.000000E+00
      3021        94
-1.986906E-02-9.998026E-01 0.000000E+00
      3022        94
-1.184217E-02-9.999299E-01 0.000000E+00
      3023        94
-1.977753E-02-9.998044E-01 0.000000E+00
      3024        94
-1.124925E-02-9.999368E-01 0.000000E+00
      3025        94
-2.696337E-03-9.999964E-01 0.000000E+00
      3026        94
 5.848506E-03-9.999829E-01 0.000000E+00
      3027        94
-3.546595E-03-9.999937E-01 0.000000E+00
      3028        94
 5.447791E-03-9.999852E-01 0.000000E+00
      3029        94
 1.447300E-02-9.998953E-01 0.000000E+00
      3030        94
 2.349636E-02-9.997239E-01 0.000000E+00
         3        91
 9.219207E-01 0.000000E+00-3.873788E-01
         4        91
 8.288943E-01 0.000000E+00-5.594052E-01
       211        91
 6.305216E-02 0.000000E+00 9.980102E-01
       212        91
 6.299805E-02 0.000000E+00 9.980136E-01
      2003        91
-8.549278E-01 0.000000E+00 5.187470E-01
      2004        91
-1.000000E+00 0.000000E+00 0.000000E+00
      2211        91
 9.243484E-01-1.898077E-01 3.309878E-01
      2212        91
 7.953027E-01-1.670858E-01 5.827314E-01
    -1
    -1
    55
9370 BUMPER                                                                     
GRID POINT DISPLACEMENTS                                                        
ANALYSIS DATE  9/10/89
REAL EIGENVALUE SOLUTION                        
MODE SHAPE         1 FREQUENCY  3.54378E+01
         1         2         3         8         2         6
         2         4         1         1
  3.54378E+01  0.00000E+00  0.00000E+00  0.00000E+00
         1
 -5.74511E-02  7.64860E-02 -5.41559E+00  2.18187E-01  2.48109E-01 -4.76822E-04
         2
 -2.21557E-01  2.24604E-01 -5.80696E+00  2.25388E-01  2.48619E-01  3.42879E-03
         3
 -4.59126E-01  4.42622E-01 -6.15904E+00  2.29279E-01  2.48189E-01 -4.89629E-03
         4
 -2.58092E-01  2.47491E-01 -5.41554E+00  2.07846E-01  2.48121E-01  4.04327E-03
         5
 -3.40259E-01  3.23029E-01 -5.61120E+00  2.14599E-01  2.48339E-01  1.16374E-02
         6
 -4.59089E-01  4.36528E-01 -5.78721E+00  2.22521E-01  2.48438E-01  1.04704E-02
         7
 -4.58703E-01  4.15749E-01 -5.41553E+00  2.10663E-01  2.46700E-01  4.38415E-03
         8
  1.32767E-02  1.40864E-02 -5.10647E+00  2.19662E-01  2.48239E-01  1.33961E-03
         9
 -2.22469E-01  2.16776E-01 -5.10467E+00  2.08777E-01  2.47740E-01 -1.19262E-03
        10
 -4.58200E-01  4.18476E-01 -5.10312E+00  2.17771E-01  2.48152E-01 -6.35712E-03
        11
  3.78514E-02 -6.60450E-03 -4.79082E+00  2.18925E-01  2.47235E-01 -4.28644E-03
        12
 -2.09714E-01  2.07486E-01 -4.79056E+00  2.10882E-01  2.47070E-01 -1.33260E-03
        13
 -4.57740E-01  4.23602E-01 -4.79053E+00  2.22437E-01  2.49054E-01 -2.78715E-03
        14
  3.02029E-02  1.42873E-04 -2.17812E+00  1.98110E-01  2.38871E-01 -2.65590E-03
        15
  3.35433E-02 -7.04395E-04 -2.81732E+00  2.22171E-01  2.43435E-01  6.86940E-03
        16
  3.53627E-02 -1.77007E-03 -3.47193E+00  2.21012E-01  2.46739E-01 -6.81778E-03
        17
  3.67099E-02 -3.77679E-03 -4.13128E+00  2.19240E-01  2.45948E-01  3.15865E-03
        18
 -2.01428E-01  2.21519E-01 -2.17863E+00  2.38600E-01  2.33608E-01  2.12996E-02
        19
 -2.09253E-01  2.33629E-01 -2.81748E+00  2.41936E-01  2.43532E-01 -5.85662E-03
        20
 -2.10155E-01  2.19284E-01 -3.47177E+00  2.20017E-01  2.46686E-01 -4.68639E-03
        21
 -2.10522E-01  2.12764E-01 -4.13127E+00  2.14219E-01  2.47380E-01 -1.82499E-03
        22
 -4.39425E-01  4.75457E-01 -2.18099E+00  2.62677E-01  2.54843E-01  4.29461E-02
        23
 -4.50822E-01  4.80920E-01 -2.81825E+00  2.48459E-01  2.41302E-01 -3.08759E-02
        24
 -4.58240E-01  4.38622E-01 -3.47188E+00  2.16869E-01  2.46628E-01 -6.43137E-04
        25
 -4.56320E-01  4.34514E-01 -4.13134E+00  2.30257E-01  2.43068E-01 -4.22968E-03
        26
 -2.64960E-04 -4.37389E-04 -5.07016E-02 -7.08754E-02  9.16124E-02  7.89862E-03
        27
  7.12464E-03 -2.62934E-03 -4.37873E-01 -1.12159E-01  1.34629E-01 -6.09313E-03
        28
  1.58015E-02 -2.42451E-03 -9.29662E-01 -1.06720E-02  1.95180E-01  2.37904E-03
        29
  2.37528E-02 -1.46655E-03 -1.51468E+00  9.69819E-02  2.05704E-01 -1.77741E-03
        30
 -1.15421E-01 -6.48347E-02 -5.19183E-02 -5.78407E-02  1.11367E-01 -2.42190E-02
        31
 -1.40780E-01 -9.39873E-02 -4.39147E-01 -7.26084E-02  1.48468E-01  8.90985E-03
        32
 -1.64778E-01 -1.64575E-02 -9.30615E-01 -1.66331E-02  1.81601E-01  3.74571E-02
        33
 -1.86682E-01  1.08584E-01 -1.51514E+00  1.19346E-01  2.11092E-01  4.62617E-02
        34
 -2.29859E-01 -1.21083E-01 -5.65709E-02 -5.49838E-02  1.14871E-01 -4.18567E-02
        35
 -2.88849E-01 -1.65528E-01 -4.44028E-01 -7.10161E-02  1.47627E-01  1.64682E-02
        36
 -3.47122E-01 -3.27126E-02 -9.35019E-01 -1.65752E-02  1.81209E-01  6.63712E-02
        37
 -3.95976E-01  2.31617E-01 -1.51880E+00  1.23571E-01  2.09030E-01  1.09805E-01
        38
 -9.82928E-03 -2.59779E-03  5.70421E-01  8.42541E-02  4.72410E-02 -7.48951E-04
        39
 -8.28542E-03 -1.64277E-03  4.22353E-01  6.52771E-02  5.97852E-02  1.80193E-04
        40
 -5.61769E-03 -8.74290E-04  2.17763E-01  1.97446E-02  9.44117E-02 -1.14361E-03
        41
 -5.66619E-02  7.93478E-02  5.69559E-01  7.93153E-02  4.61211E-02 -3.08441E-03
        42
 -7.44133E-02  5.96738E-02  4.21220E-01  5.73869E-02  6.53912E-02 -1.25145E-02
        43
 -9.39932E-02  1.09082E-02  2.16957E-01  4.43956E-03  9.34931E-02 -2.44548E-02
        44
 -1.02884E-01  1.58815E-01  5.66374E-01  7.92479E-02  4.60362E-02 -6.45631E-03
        45
 -1.39938E-01  1.16394E-01  4.17609E-01  5.60940E-02  6.53150E-02 -2.57571E-02
        46
 -1.81724E-01  1.42955E-02  2.12971E-01  2.60207E-03  8.75437E-02 -4.99625E-02
        47
 -1.27323E-02 -4.11173E-03  7.29290E-01  7.08889E-02 -1.07027E-02  4.43504E-05
        48
 -1.26582E-02 -3.81526E-03  7.44298E-01  7.44466E-02  1.14623E-04  5.50978E-05
        49
 -1.20747E-02 -3.43673E-03  7.26494E-01  7.92496E-02  1.38847E-02  1.94698E-04
        50
 -1.11070E-02 -3.05604E-03  6.70431E-01  8.30654E-02  2.77323E-02 -1.51759E-04
        51
 -2.83657E-03  6.73808E-02  7.28649E-01  7.15121E-02 -1.03014E-02  9.24110E-04
        52
 -1.38238E-02  7.11583E-02  7.43579E-01  7.48624E-02  7.19571E-04  1.72433E-03
        53
 -2.64473E-02  7.60327E-02  7.25726E-01  7.90943E-02  1.38659E-02  1.76032E-03
        54
 -4.07220E-02  8.02673E-02  6.69530E-01  8.29106E-02  2.90441E-02  1.10992E-03
        55
  7.58951E-03  1.39305E-01  7.26773E-01  7.17277E-02 -1.03698E-02  1.76620E-03
        56
 -1.44637E-02  1.46248E-01  7.41362E-01  7.47198E-02  6.50505E-04  3.17046E-03
        57
 -4.02911E-02  1.55570E-01  7.23180E-01  7.93519E-02  1.37956E-02  3.55325E-03
        58
 -6.98172E-02  1.63332E-01  6.66648E-01  8.26704E-02  2.89738E-02  1.85262E-03
        59
 -6.18007E-03 -3.92345E-03  1.56535E-01  4.28807E-02  1.45427E-02  3.88760E-04
        60
 -5.84807E-03 -3.50119E-03  1.40536E-01  4.78675E-02  1.89761E-02  4.36931E-04
        61
 -5.53751E-03 -3.03908E-03  1.19784E-01  5.30339E-02  2.44901E-02  4.63012E-04
        62
 -5.24678E-03 -2.53888E-03  9.31185E-02  5.91319E-02  3.13328E-02  5.16724E-04
        63
 -4.85815E-03 -1.84499E-03  5.93679E-02  6.89231E-02  3.94686E-02  5.56936E-04
        64
 -7.33823E-03 -4.12560E-03  3.14170E-01  5.19351E-02  5.65511E-04  3.79692E-04
        65
 -7.02058E-03 -3.62777E-03  3.07085E-01  5.71951E-02  8.91387E-03  4.35379E-04
        66
 -6.57655E-03 -3.07988E-03  2.86805E-01  6.22165E-02  1.77081E-02  4.68048E-04
        67
 -5.98374E-03 -2.52620E-03  2.53186E-01  6.73600E-02  2.61199E-02  4.40916E-04
        68
 -5.31372E-03 -2.23700E-03  2.08805E-01  7.06714E-02  3.15961E-02  3.55851E-04
        69
 -9.31406E-03 -4.16041E-03  5.05598E-01  6.27212E-02 -7.07418E-03  4.78718E-04
        70
 -9.09870E-03 -3.73848E-03  5.09704E-01  6.63689E-02  3.59144E-03  5.44866E-04
        71
 -8.60480E-03 -3.24843E-03  4.90870E-01  7.13532E-02  1.46857E-02  5.68005E-04
        72
 -7.86187E-03 -2.85034E-03  4.48889E-01  7.66583E-02  2.50095E-02  5.79637E-04
        73
 -6.91341E-03 -2.47836E-03  3.86629E-01  8.17820E-02  3.40776E-02  5.63242E-04
        74
 -1.18547E-02 -2.62470E-03 -5.29316E-02  3.18540E-02  7.89019E-02  1.42691E-03
        75
 -1.02920E-02 -5.86697E-05 -3.68527E-01  7.12187E-02  9.41128E-02  9.76930E-04
        76
 -7.88482E-03 -1.68551E-04 -7.44735E-01  1.20641E-01  1.12056E-01  2.29022E-05
        77
 -4.68598E-03 -3.15921E-04 -1.19197E+00  1.87578E-01  1.33185E-01  1.55505E-03
        78
 -1.18946E-02 -2.72973E-03 -2.95541E-02  3.28663E-02  7.15186E-02  4.99267E-04
        79
 -1.04594E-02 -4.94773E-04 -2.50573E-01  6.26518E-02  8.30519E-02  7.69786E-05
        80
 -8.26428E-03 -2.58960E-04 -5.04211E-01  9.64541E-02  9.42866E-02 -4.44431E-04
        81
 -6.11155E-03 -4.57864E-04 -7.91583E-01  1.39180E-01  1.07035E-01 -4.05499E-04
        82
 -1.21210E-02 -2.84196E-03 -5.53853E-03  3.36682E-02  6.41702E-02  6.91686E-04
        83
 -1.08829E-02 -1.02330E-03 -1.47060E-01  5.49409E-02  7.24346E-02  3.24390E-04
        84
 -8.98458E-03 -4.73935E-04 -3.04879E-01  7.71367E-02  8.00645E-02 -1.95227E-04
        85
 -7.18402E-03 -5.38471E-04 -4.77134E-01  1.01946E-01  8.69647E-02 -5.01692E-04
        86
 -1.25854E-02 -2.95436E-03  1.91209E-02  3.46315E-02  5.68733E-02  8.01821E-04
        87
 -1.17532E-02 -1.75167E-03 -5.73119E-02  4.75202E-02  6.21409E-02  5.15434E-04
        88
 -1.03378E-02 -9.74866E-04 -1.40021E-01  6.08521E-02  6.69907E-02 -1.67783E-04
        89
 -8.65573E-03 -6.96047E-04 -2.28079E-01  7.54852E-02  7.12485E-02 -1.18692E-03
        90
 -6.62174E-03 -6.00358E-04 -1.68892E-01  7.90209E-02  6.55502E-02 -1.12266E-03
        91
 -5.78815E-03 -1.17725E-03 -3.19646E-01  9.73949E-02  7.03891E-02 -4.70820E-04
        92
 -4.22798E-03 -1.01891E-03 -4.77512E-01  1.22842E-01  7.31120E-02 -2.65323E-04
        93
 -2.67502E-03 -9.15606E-04 -6.31453E-01  1.61149E-01  6.92801E-02 -1.85092E-04
        94
 -5.60227E-03 -7.18462E-04 -1.08944E-01  7.81097E-02  6.14190E-02 -6.50233E-04
        95
 -4.46794E-03 -1.38799E-03 -1.70919E-01  9.14497E-02  5.70255E-02 -3.01019E-04
        96
 -3.27772E-03 -1.36209E-03 -2.08486E-01  1.02606E-01  5.00500E-02 -2.40574E-05
        97
 -1.93711E-03 -1.13118E-03 -2.08830E-01  1.02797E-01  2.92807E-02  9.15108E-05
        98
 -4.92484E-03 -9.84873E-04 -5.03567E-02  7.56719E-02  5.54542E-02 -2.94406E-04
        99
 -4.15776E-03 -1.61345E-03 -3.35837E-02  8.34339E-02  4.65763E-02  1.37764E-05
       100
 -3.49909E-03 -1.63391E-03  1.16725E-02  8.28124E-02  3.63614E-02  2.32973E-04
       101
 -2.78929E-03 -1.39936E-03  5.91862E-02  6.67355E-02  3.25117E-02  4.06669E-04
       102
 -4.67039E-03 -1.32383E-03  5.76794E-03  7.15186E-02  4.90728E-02  1.46482E-04
       103
 -4.57487E-03 -1.95774E-03  9.27843E-02  7.67253E-02  3.62277E-02  2.13733E-04
       104
 -4.78565E-03 -2.04015E-03  1.99224E-01  7.38791E-02  3.59609E-02  4.52017E-04
       105
 -5.79194E-03 -1.96988E-03  3.00969E-01  8.19179E-02  4.49288E-02  6.87986E-04
       106
 -1.80249E-03 -8.43113E-04 -7.91342E-01  1.90591E-01  7.51097E-02 -1.50696E-04
       107
 -4.05126E-04 -1.12370E-03 -3.60925E-01  1.52991E-01  1.65414E-02 -4.46365E-05
       108
 -2.65099E-04 -1.10290E-03 -3.64115E-02  7.64027E-02 -2.17473E-02 -3.24597E-04
       109
 -1.31830E-03 -1.05205E-03 -4.08674E-01  1.45250E-01  3.51295E-02 -7.82385E-05
       110
 -5.82388E-04 -1.06966E-03 -1.83154E-01  1.14503E-01  1.10622E-03  5.06101E-05
       111
 -3.42740E-04 -8.30269E-04 -1.02986E-02  5.64298E-02 -1.94856E-02 -5.13617E-04
       112
 -1.28016E-03 -8.92643E-04 -1.37612E-01  9.38543E-02  7.52343E-03  9.89410E-05
       113
 -8.31157E-04 -8.56608E-04 -5.38572E-02  8.03271E-02 -3.42141E-03 -1.73529E-04
       114
 -1.92037E-04 -4.63186E-04  5.27304E-03  2.28921E-02 -1.14914E-02  2.02628E-04
       115
 -1.73552E-03 -1.08506E-03  1.94092E-02  4.62175E-02  2.87006E-02  5.67974E-04
       117
 -7.75038E-04 -3.55740E-04  1.55683E-02  3.09352E-02 -2.05815E-02  1.19190E-04
       118
 -4.09061E-03 -1.32872E-03  1.67077E-01  8.08266E-02  4.21900E-02  7.90152E-04
       119
 -2.49977E-03 -3.63912E-04  5.45199E-02  7.59549E-02  1.48178E-02  8.53793E-04
       120
 -6.08729E-04  6.17185E-05  2.43700E-02  1.13370E-02 -2.68256E-02  7.94388E-04
       121
 -6.63757E-03 -1.71087E-03  3.54408E-01  8.18987E-02  4.35579E-02  7.65681E-04
       122
 -3.66108E-03 -7.14094E-04  1.57217E-01  7.63574E-02  2.91768E-02  6.52588E-04
       123
 -1.38495E-03  2.81364E-04  3.52856E-02  4.16864E-02 -8.91110E-03  9.31264E-04
       124
 -1.17734E-03  3.95260E-04  4.13310E-02  3.47497E-02 -8.09680E-03  3.59616E-04
       125
 -8.43842E-04  3.29622E-04  4.69104E-02  2.27833E-02 -6.63717E-03  4.44676E-05
       126
 -4.24909E-04 -1.53309E-04  4.67362E-02  1.59939E-02  5.30914E-03 -1.50332E-04
       127
 -2.69750E-03 -1.22039E-04  1.26328E-01  5.50380E-02  1.67034E-02  5.31130E-04
       128
 -1.74794E-03  3.13048E-05  1.00552E-01  3.55469E-02  2.28782E-02  3.51683E-04
       129
 -8.80414E-04  1.24854E-04  6.24013E-02  1.41084E-02  2.83349E-02  2.77201E-04
       130
 -5.02207E-03 -9.26237E-04  2.62343E-01  6.77017E-02  4.64063E-02  7.93662E-04
       131
 -3.09885E-03 -1.49330E-04  1.66259E-01  3.37225E-02  5.01651E-02  6.55582E-04
       132
 -1.55924E-03  1.19102E-04  5.58387E-02  9.19460E-03  5.03731E-02  9.25495E-05
       133
 -2.09938E-03  3.79529E-05 -1.57979E+00  2.55899E-01  1.50938E-01 -5.31002E-04
       134
  1.52860E-03  2.68879E-04 -2.01887E+00  3.43275E-01  1.67685E-01  1.35214E-03
       135
  6.68700E-03  5.01209E-04 -2.51661E+00  4.37685E-01  1.93753E-01 -7.60871E-03
       136
  1.30377E-04 -8.35195E-04 -9.41166E-01  2.40802E-01  7.16199E-02 -1.19797E-04
       137
  2.33027E-03 -1.01925E-03 -1.08296E+00  3.05072E-01  6.51668E-02 -4.77543E-04
       138
  4.76306E-03 -9.97494E-04 -1.22120E+00  3.96490E-01  6.86011E-02  3.06282E-04
       139
  4.21012E-04 -1.30224E-03 -3.73653E-01  1.70117E-01  2.41647E-03  2.60595E-05
       140
  1.32237E-03 -1.44460E-03 -3.64852E-01  1.90705E-01 -1.49873E-02  7.68697E-04
       141
  2.14553E-03 -1.51039E-03 -3.30359E-01  2.08432E-01 -3.44575E-02  3.91552E-04
       142
  4.39213E-05 -1.55403E-03 -1.94067E-02  7.97453E-02 -2.63806E-02 -7.46352E-05
       143
  3.35178E-04 -1.63433E-03 -2.02126E-03  7.34905E-02 -2.27163E-02  3.22055E-04
       144
  5.29981E-04 -1.15291E-03  1.19292E-02  5.57649E-02 -1.54071E-02  4.43451E-04
       145
  9.13759E-03  2.21254E-04 -2.05481E+00  5.05197E-01  1.78169E-01  9.07517E-04
       146
  1.02207E-02  2.90234E-04 -1.51249E+00  5.35558E-01  1.95678E-01  1.21725E-03
       147
  9.19832E-03  1.37908E-03 -9.60587E-01  5.80651E-01  2.21911E-01  2.17775E-03
       148
  6.00843E-03 -1.08653E-03 -8.71816E-01  4.41501E-01  4.62021E-02  1.57333E-03
       149
  6.15568E-03 -2.85826E-04 -5.05578E-01  4.94023E-01  1.24752E-01  2.62351E-03
       150
  3.22402E-03  1.78999E-03 -3.75067E-01  2.58941E-01  1.71663E-01  2.04244E-03
       151
  2.37295E-03 -9.98057E-04 -1.25792E-01  1.76285E-01 -6.33672E-02  1.45144E-03
       153
  1.64677E-03  1.12714E-03 -1.70256E-01  1.76656E-02  1.64631E-01 -4.30837E-05
       154
  9.64740E-04 -3.16534E-04  3.15839E-02 -1.48870E-02  5.00381E-03  4.51112E-04
       155
  2.96621E-03  9.68950E-04 -8.53571E-03 -1.60073E-03  3.95389E-02  4.41638E-05
       156
  5.16638E-03  1.41658E-03 -2.19191E-01 -6.62802E-02  1.54320E-01 -4.73759E-04
       157
  5.50471E-04 -7.66743E-04  3.44929E-02  1.70092E-02  1.10592E-03  2.24285E-04
       158
  3.60562E-04 -2.87384E-04  2.08808E-02 -4.11183E-03  2.39556E-02  3.22594E-04
       160
  4.58966E-03  5.35157E-04 -1.01860E-01 -3.69232E-04  1.22522E-01  1.35082E-05
       161
  8.97606E-05 -5.56972E-04  4.12542E-02  1.99972E-03  8.27755E-03  4.15779E-04
       162
 -3.24150E-04  1.24444E-04  3.86110E-02  1.33932E-02  1.58655E-02  1.73972E-04
       163
  5.30398E-04  1.70555E-05  2.02083E-02 -1.05920E-03  3.34193E-02  8.20952E-05
       165
  1.33932E-02  2.03748E-03 -3.14509E+00  4.65473E-01  2.20567E-01  4.84365E-03
       166
  2.01017E-02  1.97225E-03 -3.85682E+00  3.81522E-01  2.54312E-01  2.83254E-03
       167
  2.58142E-02  3.76864E-03 -4.50756E+00  3.09059E-01  2.77879E-01 -3.73121E-03
       168
  2.91675E-02  4.09402E-03 -5.15318E+00  2.62697E-01  2.81823E-01  3.27607E-03
       169
  1.35796E-02  1.29726E-03 -2.54378E+00  5.29700E-01  2.49037E-01  7.45313E-04
       170
  1.76977E-02  1.76119E-03 -3.17782E+00  4.92820E-01  3.09243E-01  2.75259E-03
       171
  2.14313E-02  2.47804E-03 -3.78143E+00  4.03657E-01  3.32585E-01  1.04796E-03
       172
  2.46571E-02  3.08877E-03 -4.36231E+00  3.27405E-01  3.22221E-01  9.25683E-04
       173
  1.26360E-02  1.41955E-03 -1.87766E+00  5.73414E-01  2.76375E-01  1.67243E-03
       174
  1.55054E-02  1.45542E-03 -2.37597E+00  5.40286E-01  3.70006E-01  6.00123E-04
       175
  1.84003E-02  1.56708E-03 -2.89737E+00  4.69134E-01  3.98650E-01  5.89010E-04
       176
  2.09334E-02  2.01694E-03 -3.40943E+00  3.96266E-01  3.90580E-01  6.14190E-04
       177
  1.19336E-02  1.08909E-03 -1.19814E+00  6.11441E-01  3.61649E-01  7.66598E-04
       178
  1.42156E-02  7.04027E-04 -1.52025E+00  5.69406E-01  4.36141E-01  2.85061E-04
       179
  1.60830E-02  6.50980E-04 -1.88450E+00  5.19757E-01  4.68871E-01  3.23028E-04
       180
  1.77094E-02  8.81980E-04 -2.26365E+00  4.67935E-01  4.72875E-01  3.78952E-04
       181
  7.51018E-03  1.88624E-03 -3.92317E-01 -9.78867E-02  2.68158E-01 -7.07401E-06
       182
  9.47716E-03  2.46333E-03 -6.40464E-01 -5.89419E-02  3.46182E-01  3.46416E-05
       183
  1.13228E-02  2.59704E-03 -9.43515E-01 -3.85815E-02  4.05032E-01 -1.11812E-04
       184
  1.30785E-02  2.54444E-03 -1.28348E+00 -3.02981E-03  4.37071E-01 -1.54258E-04
       185
  7.15247E-03  8.55442E-04 -3.63254E-01 -1.59929E-02  2.08012E-01 -1.29043E-04
       186
  1.03523E-02  1.03019E-03 -7.61688E-01 -3.81101E-02  3.08739E-01 -2.43949E-04
       187
  1.35804E-02  1.23937E-03 -1.26641E+00  3.33901E-04  3.51205E-01 -3.01451E-04
       188
  1.65778E-02  1.25181E-03 -1.82112E+00  4.45785E-02  3.71742E-01 -3.50694E-04
       189
  6.77151E-03 -6.42691E-04 -3.01633E-01 -7.35296E-02  2.32868E-01 -4.51836E-04
       190
  1.24098E-02 -3.36116E-04 -8.48493E-01 -3.60631E-02  2.52741E-01 -4.87777E-04
       191
  1.75121E-02  5.26533E-05 -1.46664E+00  2.54400E-02  2.97888E-01 -6.50821E-04
       192
  2.18407E-02  4.37450E-04 -2.13609E+00  9.19935E-02  2.94592E-01 -8.29326E-04
       193
  3.02734E-02  3.71139E-03 -5.71133E+00  2.37757E-01  2.81747E-01 -1.57524E-03
       194
  3.00590E-02  3.00725E-03 -6.27691E+00  2.25310E-01  2.78177E-01  5.32168E-04
       195
  2.93719E-02  2.24279E-03 -6.84101E+00  2.18362E-01  2.75454E-01 -8.15735E-04
       196
  2.93118E-02  1.02514E-03 -7.40090E+00  2.12846E-01  2.72888E-01 -6.53094E-04
       197
  2.66471E-02  3.22359E-03 -4.85777E+00  2.78667E-01  3.09523E-01  7.61147E-04
       198
  2.78494E-02  3.04229E-03 -5.34546E+00  2.45156E-01  2.97856E-01  6.28010E-04
       199
  2.81281E-02  2.74880E-03 -5.82178E+00  2.25177E-01  2.87166E-01  5.12511E-04
       200
  2.81215E-02  2.24849E-03 -6.28684E+00  2.13985E-01  2.80685E-01  3.38819E-04
       201
  2.29091E-02  2.39889E-03 -3.86021E+00  3.41555E-01  3.68464E-01  5.25364E-04
       202
  2.46279E-02  2.55712E-03 -4.29064E+00  2.97872E-01  3.47150E-01  3.66847E-04
       203
  2.60126E-02  2.55438E-03 -4.70082E+00  2.64562E-01  3.28303E-01  4.75860E-04
       204
  2.64816E-02  2.60038E-03 -5.09151E+00  2.41153E-01  3.10822E-01  5.01409E-04
       205
  1.91814E-02  1.25476E-03 -2.63962E+00  4.20228E-01  4.59403E-01  3.27080E-04
       206
  2.05760E-02  1.61353E-03 -3.00102E+00  3.78491E-01  4.36433E-01  1.04115E-05
       207
  2.19695E-02  1.84988E-03 -3.34361E+00  3.42766E-01  4.12651E-01 -1.09207E-03
       208
  2.36089E-02  1.92940E-03 -3.66788E+00  3.12741E-01  3.90860E-01 -8.75385E-04
       209
  1.47827E-02  2.37392E-03 -1.64379E+00  3.31326E-02  4.55611E-01 -9.96524E-05
       210
  1.64702E-02  2.19211E-03 -2.01243E+00  7.07807E-02  4.57447E-01  8.61557E-05
       211
  1.81882E-02  2.07347E-03 -2.37715E+00  1.07497E-01  4.45539E-01  5.38419E-04
       212
  2.01988E-02  2.15319E-03 -2.72762E+00  1.43396E-01  4.21786E-01  1.18795E-03
       213
  1.90715E-02  1.24268E-03 -2.34615E+00  8.81580E-02  3.62767E-01 -3.55183E-04
       214
  2.12667E-02  1.25677E-03 -2.84922E+00  1.27324E-01  3.40544E-01 -3.47424E-04
       215
  2.31548E-02  1.24170E-03 -3.31817E+00  1.58530E-01  3.14680E-01 -4.44297E-04
       216
  2.43943E-02  1.01196E-03 -3.75511E+00  1.77295E-01  2.95262E-01 -4.57639E-04
       217
  2.50236E-02  4.99289E-04 -2.72350E+00  1.48065E-01  2.79979E-01 -9.40591E-04
       218
  2.75349E-02  6.79877E-05 -3.28239E+00  1.87426E-01  2.65613E-01 -1.00286E-03
       219
  2.93528E-02 -6.49152E-04 -3.82154E+00  2.09731E-01  2.59471E-01 -1.08189E-03
       220
  3.07865E-02 -1.82781E-03 -4.34887E+00  2.22924E-01  2.53985E-01 -1.12499E-03
       221
  2.44121E-02  1.91040E-03 -3.42952E+00  2.75580E-01  4.05273E-01 -6.52195E-05
       222
  2.51247E-02  2.27895E-03 -4.77750E+00  2.33284E-01  3.31875E-01  3.23555E-04
       223
  2.64002E-02  1.39967E-03 -5.90025E+00  2.07999E-01  2.84379E-01  1.79479E-04
       224
  2.71157E-02 -1.21758E-04 -6.90398E+00  2.09399E-01  2.69696E-01  1.68716E-03
       225
  2.39830E-02  2.02933E-03 -3.21694E+00  2.49009E-01  4.13391E-01  3.53332E-04
       226
  2.44981E-02  2.12922E-03 -4.48477E+00  2.13191E-01  3.41108E-01  1.45200E-04
       227
  2.54431E-02  6.61147E-04 -5.52113E+00  2.06267E-01  2.85273E-01 -1.32780E-04
       228
  2.58768E-02 -1.74078E-03 -6.40083E+00  2.15802E-01  2.61097E-01  8.62964E-04
       229
  2.32613E-02  2.18952E-03 -3.02646E+00  2.21429E-01  4.21469E-01  4.74772E-04
       230
  2.38801E-02  1.91493E-03 -4.22118E+00  1.92788E-01  3.38342E-01  7.86176E-05
       231
  2.56565E-02 -1.99940E-05 -5.14252E+00  2.06790E-01  2.76405E-01 -5.60930E-04
       232
  2.75402E-02 -3.68926E-03 -5.87864E+00  2.22096E-01  2.54063E-01 -1.41483E-02
       233
  2.22112E-02  2.37652E-03 -2.86121E+00  1.87285E-01  4.27446E-01  8.32665E-04
       234
  2.34920E-02  1.47748E-03 -3.98303E+00  1.76993E-01  3.21764E-01 -2.13254E-04
       235
  2.75098E-02 -8.58931E-04 -4.75541E+00  2.14235E-01  2.63484E-01 -9.70385E-04
       236
  3.21240E-02 -5.41247E-03 -5.33611E+00  2.32460E-01  2.52027E-01  3.16985E-02
       237
 -1.99517E-02  3.96678E-02 -7.81389E+00  2.10379E-01  2.73123E-01  7.56029E-04
       238
 -1.72244E-01  1.60468E-01 -8.20941E+00  2.06140E-01  2.71451E-01  6.05382E-03
       239
 -1.79394E-02  3.51166E-02 -7.29767E+00  2.17515E-01  2.69767E-01  1.19999E-02
       240
 -1.55546E-01  1.44978E-01 -7.67755E+00  2.24576E-01  2.72855E-01  5.87654E-03
       241
 -1.31917E-02  2.99385E-02 -6.76638E+00  2.21238E-01  2.60886E-01 -2.77315E-03
       242
 -1.31680E-01  1.28199E-01 -7.12281E+00  2.22942E-01  2.66639E-01 -8.39838E-03
       243
 -6.51732E-03  2.43213E-02 -6.22394E+00  2.24319E-01  2.56682E-01 -4.56662E-03
       244
 -1.08747E-01  1.11056E-01 -6.56273E+00  2.29625E-01  2.59841E-01  1.31023E-03
       245
  2.90478E-03  1.89081E-02 -5.66635E+00  2.33034E-01  2.51723E-01  3.59688E-04
       246
 -8.25029E-02  9.36902E-02 -5.98781E+00  2.36060E-01  2.52750E-01 -5.93888E-03
       247
 -2.44915E-01  2.37098E-01 -6.35171E+00  2.34881E-01  2.55463E-01 -1.42770E-02
       248
 -2.70974E-01  2.49604E-01 -6.89986E+00  2.37592E-01  2.61151E-01  2.79641E-03
       249
 -2.92936E-01  2.61392E-01 -7.43351E+00  2.26707E-01  2.70314E-01 -6.39400E-03
       250
 -3.14943E-01  2.72934E-01 -7.95716E+00  2.24378E-01  2.73901E-01 -2.65529E-03
       251
 -3.25948E-01  2.83360E-01 -8.45380E+00  2.02524E-01  2.72907E-01  4.40020E-03
       252
 -4.75684E-01  4.43689E-01 -6.68031E+00  2.40558E-01  2.55161E-01 -8.42125E-03
       253
 -4.94635E-01  4.43745E-01 -7.20358E+00  2.38517E-01  2.61950E-01 -7.95442E-03
       254
 -5.10476E-01  4.41952E-01 -7.71476E+00  2.32354E-01  2.71351E-01 -5.68120E-03
       255
 -5.21604E-01  4.39171E-01 -8.20903E+00  2.24532E-01  2.75052E-01 -3.01680E-03
       256
 -5.19994E-01  4.36844E-01 -8.67510E+00  2.11107E-01  2.75525E-01  1.13767E-02
       257
 -5.14249E-01  4.09480E-01 -8.20926E+00  1.91104E-01  2.68864E-01  4.19029E-03
       258
 -3.43756E-01  2.87449E-01 -8.20929E+00  2.03035E-01  2.31338E-01  4.65296E-03
       259
 -5.17424E-01  4.23312E-01 -8.44167E+00  1.98768E-01  2.72008E-01  1.80370E-02
       260
 -4.21751E-01  3.53790E-01 -8.44772E+00  1.81273E-01  3.66612E-01  1.26076E-02
       261
 -2.68376E-01  2.30963E-01 -7.80942E+00  2.07720E-01  2.72205E-01 -1.82265E-03
       262
 -5.15947E-01  4.16895E-01 -7.80500E+00  1.98510E-01  2.69470E-01 -9.20976E-03
       263
 -2.44702E-01  2.16174E-01 -7.40073E+00  2.13370E-01  2.73647E-01 -3.46057E-03
       264
 -5.17958E-01  4.25427E-01 -7.40062E+00  2.01454E-01  2.71717E-01 -8.65410E-04
       265
 -5.20593E-01  4.36967E-01 -6.84109E+00  1.98106E-01  2.67978E-01 -8.71383E-03
       266
 -5.28812E-01  4.60323E-01 -6.27690E+00  2.30756E-01  2.79702E-01 -1.09514E-02
       267
 -5.25902E-01  4.64793E-01 -5.71212E+00  2.26374E-01  2.76683E-01  8.04120E-03
       268
 -5.18813E-01  4.72256E-01 -5.15534E+00  1.98720E-01  2.96308E-01 -1.19650E-02
       269
 -2.47165E-01  2.24579E-01 -6.84112E+00  2.21962E-01  2.77312E-01 -3.59594E-03
       270
 -2.48169E-01  2.30620E-01 -6.27694E+00  2.26616E-01  2.79041E-01 -1.49464E-03
       271
 -2.48463E-01  2.37286E-01 -5.71155E+00  2.27539E-01  2.78344E-01 -3.88459E-03
       272
 -2.45960E-01  2.52968E-01 -5.15360E+00  2.34255E-01  2.74699E-01 -6.35654E-03
       273
 -1.90579E-01  4.31924E-01 -2.51745E+00  4.22696E-01  1.95855E-01  2.16018E-02
       274
 -2.10721E-01  4.43083E-01 -3.14605E+00  4.17952E-01  2.24246E-01 -1.88159E-02
       275
 -2.30606E-01  3.52291E-01 -3.85767E+00  3.25879E-01  2.48992E-01 -3.15924E-02
       276
 -2.40587E-01  2.85698E-01 -4.50815E+00  2.59275E-01  2.59868E-01 -1.37036E-02
       277
 -3.87413E-01  8.55844E-01 -2.52122E+00  4.22873E-01  1.96870E-01  4.38698E-02
       278
 -4.35530E-01  8.56223E-01 -3.14993E+00  4.08319E-01  2.23755E-01 -4.86502E-02
       279
 -4.80980E-01  6.71387E-01 -3.86112E+00  3.15177E-01  2.26462E-01 -6.22008E-02
       280
 -5.01345E-01  5.37941E-01 -4.51092E+00  2.47634E-01  2.57242E-01 -2.69675E-02
       281
 -1.40805E-01  1.90486E-01 -1.19271E+00  1.92281E-01  1.33438E-01  2.24536E-02
       282
 -1.56098E-01  2.60355E-01 -1.58057E+00  2.62247E-01  1.52888E-01  2.92111E-02
       283
 -1.72721E-01  3.46681E-01 -2.01970E+00  3.46714E-01  1.72729E-01  3.40797E-02
       284
 -2.76433E-01  3.84054E-01 -1.19555E+00  1.93061E-01  1.33754E-01  4.41328E-02
       285
 -3.09655E-01  5.23915E-01 -1.58373E+00  2.62585E-01  1.53015E-01  5.84290E-02
       286
 -3.46653E-01  6.95148E-01 -2.02320E+00  3.47552E-01  1.73320E-01  6.65778E-02
       287
 -9.27870E-02  2.91762E-02 -5.34534E-02  3.15093E-02  8.03322E-02  1.18989E-02
       288
 -1.06613E-01  7.22571E-02 -3.69126E-01  7.27672E-02  9.58365E-02  1.25926E-02
       289
 -1.22639E-01  1.22827E-01 -7.45383E-01  1.24209E-01  1.19192E-01  1.60492E-02
       290
 -1.73214E-01  6.07341E-02 -5.53121E-02  3.13665E-02  8.02491E-02  2.25125E-02
       291
 -2.02665E-01  1.45574E-01 -3.71289E-01  7.31896E-02  9.58149E-02  2.47583E-02
       292
 -2.36895E-01  2.47561E-01 -7.47895E-01  1.24143E-01  1.14003E-01  3.18991E-02
      1001
 -5.03906E-01  4.24827E-01 -6.96154E+00  1.82739E-01  2.63642E-01 -5.07704E-03
      1002
 -5.02761E-01  4.17151E-01 -7.34824E+00  1.88880E-01  2.66723E-01 -5.04403E-03
      1003
 -5.01428E-01  4.08834E-01 -7.73854E+00  1.96561E-01  2.69947E-01 -5.10999E-03
      1004
 -4.90398E-01  4.24476E-01 -6.50928E+00  2.05795E-01  2.54972E-01 -4.86796E-03
      1005
 -4.89461E-01  4.17200E-01 -6.86466E+00  2.14810E-01  2.59003E-01 -4.90835E-03
      1006
 -4.88609E-01  4.09733E-01 -7.22535E+00  2.21398E-01  2.63782E-01 -4.92017E-03
      1007
 -4.77571E-01  4.23949E-01 -5.97474E+00  2.40368E-01  2.48011E-01 -4.48674E-03
      1008
 -4.77144E-01  4.17664E-01 -6.30470E+00  2.44322E-01  2.52113E-01 -4.47030E-03
      1009
 -4.76827E-01  4.11278E-01 -6.63952E+00  2.51170E-01  2.55474E-01 -4.48030E-03
      1010
 -4.66417E-01  4.23669E-01 -5.37320E+00  2.52472E-01  2.46170E-01 -3.92436E-03
      1011
 -4.66334E-01  4.18460E-01 -5.68946E+00  2.53970E-01  2.46469E-01 -3.81270E-03
      1012
 -4.66287E-01  4.13125E-01 -6.00469E+00  2.57177E-01  2.43997E-01 -3.81852E-03
      1013
 -5.10726E-01  4.72014E-01 -4.66736E+00  1.35603E-01  2.77972E-01 -3.92057E-03
      1014
 -5.08733E-01  4.61764E-01 -5.28066E+00  1.67089E-01  2.63359E-01 -4.42613E-03
      1015
 -5.07179E-01  4.49622E-01 -5.84498E+00  1.75209E-01  2.47558E-01 -4.90411E-03
      1016
 -5.05395E-01  4.37103E-01 -6.39074E+00  1.71128E-01  2.52408E-01 -5.17955E-03
      1017
 -4.96736E-01  4.72922E-01 -4.21953E+00  1.67300E-01  2.45071E-01 -4.81271E-03
      1018
 -4.95310E-01  4.60855E-01 -4.79288E+00  1.81490E-01  2.48563E-01 -4.79195E-03
      1019
 -4.93491E-01  4.48564E-01 -5.36408E+00  1.88621E-01  2.48155E-01 -4.89052E-03
      1020
 -4.91794E-01  4.36245E-01 -5.93147E+00  1.98494E-01  2.49682E-01 -4.87314E-03
      1021
 -4.81850E-01  4.73569E-01 -3.65382E+00  2.10112E-01  2.36071E-01 -5.16106E-03
      1022
 -4.80982E-01  4.60197E-01 -4.22926E+00  2.15136E-01  2.42603E-01 -5.19611E-03
      1023
 -4.79454E-01  4.47116E-01 -4.80965E+00  2.23404E-01  2.43026E-01 -4.92795E-03
      1024
 -4.78392E-01  4.35249E-01 -5.38767E+00  2.29171E-01  2.44028E-01 -4.64743E-03
      1025
 -4.66137E-01  4.74815E-01 -2.95908E+00  2.49543E-01  2.40674E-01 -6.59120E-03
      1026
 -4.64704E-01  4.58820E-01 -3.57031E+00  2.43548E-01  2.42790E-01 -5.65010E-03
      1027
 -4.65252E-01  4.46046E-01 -4.17241E+00  2.43608E-01  2.35831E-01 -4.78537E-03
      1028
 -4.65798E-01  4.34465E-01 -4.76302E+00  2.53895E-01  2.37534E-01 -4.18312E-03
      2001
  1.19385E-02 -1.35808E-02 -2.01074E-01 -1.05174E-01 -6.47123E-03 -3.24866E-04
      2002
  1.60856E-02 -8.48340E-02 -2.11314E-01 -1.08249E-01 -6.26033E-03  1.71112E-03
      2003
  2.23230E-02 -1.90599E-01 -2.20680E-01 -1.11038E-01 -7.03849E-03 -1.96632E-03
      2004
  1.71667E-02 -9.49970E-02 -2.01088E-01 -9.77015E-02 -6.44515E-03  9.63344E-04
      2005
  1.92728E-02 -1.30844E-01 -2.06175E-01 -1.01014E-01 -6.50664E-03  7.18092E-03
      2006
  2.23766E-02 -1.85990E-01 -2.10784E-01 -1.06270E-01 -6.54033E-03  6.50066E-03
      2007
  2.23952E-02 -1.73354E-01 -2.01077E-01 -9.70133E-02 -7.14369E-03  7.91684E-04
      2008
  1.00914E-02  1.54501E-02 -1.93113E-01 -1.06563E-01 -6.07909E-03 -7.81133E-04
      2009
  1.63056E-02 -8.25533E-02 -1.93058E-01 -1.00301E-01 -6.49415E-03 -2.46963E-03
      2010
  2.25821E-02 -1.78290E-01 -1.92942E-01 -1.01698E-01 -6.13386E-03 -6.63725E-03
      2011
  9.24925E-03  2.40706E-02 -1.84824E-01 -1.07175E-01 -6.98680E-03 -2.90366E-03
      2012
  1.60430E-02 -8.08341E-02 -1.84887E-01 -1.02780E-01 -6.67664E-03 -3.29464E-03
      2013
  2.27686E-02 -1.84753E-01 -1.84879E-01 -1.04979E-01 -6.33813E-03 -4.40503E-03
      2014
  5.64529E-03  4.51708E-03 -1.00597E-01 -9.34478E-02 -9.59512E-03 -2.55119E-03
      2015
  7.23694E-03  9.43047E-03 -1.26565E-01 -1.05824E-01 -8.30205E-03  2.51539E-03
      2016
  8.16260E-03  1.40808E-02 -1.47886E-01 -1.05149E-01 -7.84880E-03 -5.96504E-03
      2017
  8.85142E-03  1.88729E-02 -1.66926E-01 -1.07120E-01 -7.29173E-03  9.33412E-05
      2018
  1.76519E-02 -1.07619E-01 -1.00557E-01 -1.25998E-01 -1.15383E-02  7.93662E-03
      2019
  1.60705E-02 -1.04072E-01 -1.26561E-01 -1.18391E-01 -8.57137E-03 -6.10638E-03
      2020
  1.60608E-02 -9.23009E-02 -1.47967E-01 -1.06494E-01 -7.50052E-03 -2.90739E-03
      2021
  1.59389E-02 -8.91247E-02 -1.66936E-01 -1.08044E-01 -6.83719E-03 -1.72891E-03
      2022
  2.78379E-02 -2.38962E-01 -1.00013E-01 -1.31743E-01 -1.06241E-02  1.85783E-02
      2023
  2.54617E-02 -2.27055E-01 -1.26392E-01 -1.24811E-01 -9.16694E-03 -2.19133E-02
      2024
  2.34109E-02 -1.99065E-01 -1.47916E-01 -1.05787E-01 -7.45793E-03  6.69372E-04
      2025
  2.33203E-02 -1.97879E-01 -1.66906E-01 -1.08683E-01 -7.06714E-03 -3.95191E-03
      2026
 -4.92596E-03  3.33112E-05  1.80687E-01  4.33822E-02 -3.21135E-02  6.16948E-04
      2027
 -3.04403E-03  1.80581E-04  8.78967E-02  2.48516E-02 -2.96421E-02 -7.08284E-04
      2028
 -9.97414E-04  8.05284E-05  7.12286E-03 -1.89865E-04 -2.20543E-02  3.50248E-03
      2029
  2.49453E-03  1.35307E-03 -5.70770E-02 -4.78558E-02 -2.10928E-02 -3.94459E-03
      2030
  2.73175E-02  4.38559E-02  1.80634E-01  4.38403E-02 -3.27814E-02  6.25905E-03
      2031
  2.58749E-02  2.43495E-02  8.79064E-02  2.34262E-02 -2.93984E-02  6.75222E-03
      2032
  2.36464E-02 -2.11457E-03  7.16026E-03 -3.86519E-03 -2.47059E-02  1.33854E-02
      2033
  2.02398E-02 -5.45099E-02 -5.70905E-02 -6.16170E-02 -1.81179E-02  2.19819E-02
      2034
  5.98082E-02  8.77770E-02  1.80870E-01  4.36959E-02 -3.23187E-02  1.20826E-02
      2035
  5.53098E-02  4.77158E-02  8.83409E-02  2.32380E-02 -2.92160E-02  1.45491E-02
      2036
  4.80073E-02 -5.55163E-03  7.79921E-03 -2.63414E-03 -2.42971E-02  2.32955E-02
      2037
  3.89650E-02 -1.20389E-01 -5.62911E-02 -6.78981E-02 -1.83936E-02  5.36941E-02
      2038
 -8.84116E-03 -1.17011E-03  4.58378E-01  8.02792E-02 -3.33638E-02 -1.64670E-04
      2039
 -7.69170E-03 -5.13099E-04  3.65439E-01  7.40885E-02 -3.51189E-02 -3.07850E-04
      2040
 -6.36104E-03 -1.43751E-04  2.71602E-01  6.02211E-02 -3.36590E-02 -4.37820E-04
      2041
  2.39810E-02  7.76202E-02  4.58126E-01  7.69270E-02 -3.31981E-02 -1.44893E-04
      2042
  2.64192E-02  7.28366E-02  3.65272E-01  7.21113E-02 -3.43464E-02  3.56519E-03
      2043
  2.74302E-02  5.97381E-02  2.71510E-01  5.91519E-02 -3.40326E-02  5.52734E-03
      2044
  5.73813E-02  1.54845E-01  4.57614E-01  7.70103E-02 -3.32857E-02  2.22812E-04
      2045
  6.09334E-02  1.44844E-01  3.65044E-01  7.14769E-02 -3.43982E-02  7.01381E-03
      2046
  6.16395E-02  1.19307E-01  2.71525E-01  5.95386E-02 -3.40693E-02  1.10929E-02
      2047
 -1.22537E-02 -4.07124E-03  6.87407E-01  6.98652E-02 -1.98364E-02 -2.84384E-05
      2048
 -1.13278E-02 -3.49457E-03  6.24552E-01  7.12261E-02 -2.63240E-02 -4.99212E-04
      2049
 -1.01378E-02 -2.45998E-03  5.46432E-01  7.50706E-02 -3.11718E-02 -1.46865E-05
      2050
  6.47915E-03  6.64507E-02  6.86837E-01  7.05546E-02 -1.91256E-02 -2.26880E-04
      2051
  1.40762E-02  6.83694E-02  6.24071E-01  7.19213E-02 -2.57992E-02 -1.24522E-03
      2052
  1.99207E-02  7.33057E-02  5.46049E-01  7.57832E-02 -3.04361E-02 -2.14391E-03
      2053
  2.57611E-02  1.37223E-01  6.85309E-01  7.04054E-02 -1.91984E-02 -2.23778E-04
      2054
  4.00558E-02  1.40781E-01  6.22888E-01  7.22803E-02 -2.58788E-02 -2.45190E-03
      2055
  5.05353E-02  1.49227E-01  5.45212E-01  7.55022E-02 -3.05126E-02 -3.46025E-03
      2056
 -6.53936E-03 -4.32239E-03  1.68757E-01  3.72170E-02  1.10813E-02  3.17165E-04
      2057
 -6.92560E-03 -4.70194E-03  1.78095E-01  3.04400E-02  8.50400E-03  2.09525E-04
      2058
 -7.33728E-03 -5.04395E-03  1.85318E-01  2.18534E-02  6.64031E-03  5.53289E-05
      2059
 -7.75986E-03 -5.32203E-03  1.91036E-01  1.09159E-02  5.30454E-03 -2.35673E-04
      2060
 -7.52278E-03 -4.51803E-03  3.08863E-01  4.63820E-02 -7.15726E-03  2.97477E-04
      2061
 -7.55087E-03 -4.74313E-03  2.92077E-01  4.01772E-02 -1.43053E-02  1.88594E-04
      2062
 -7.38910E-03 -4.72265E-03  2.64633E-01  3.33892E-02 -2.09283E-02  5.20155E-05
      2063
 -7.02997E-03 -4.35532E-03  2.27313E-01  2.61034E-02 -2.70078E-02 -1.35385E-04
      2064
 -9.24866E-03 -4.36817E-03  4.79989E-01  6.02489E-02 -1.66741E-02  3.71262E-04
      2065
 -8.89544E-03 -4.22669E-03  4.35349E-01  5.93468E-02 -2.50278E-02  2.40904E-04
      2066
 -8.27783E-03 -3.66828E-03  3.74554E-01  6.01160E-02 -3.18123E-02  1.31940E-04
      2067
 -7.43518E-03 -2.82907E-03  3.00698E-01  6.28915E-02 -3.70962E-02  6.44763E-05
      2068
 -1.34422E-02 -5.36488E-03  2.10932E-01 -8.08946E-03  6.50666E-02  3.54090E-04
      2069
 -1.38515E-02 -4.89254E-03  4.32684E-01 -5.05710E-02  5.56139E-02 -2.60743E-04
      2070
 -1.34607E-02 -3.71369E-03  6.23413E-01 -9.20461E-02  4.83249E-02 -1.90042E-04
      2071
 -1.29813E-02 -5.10286E-03  1.59365E-01  2.18136E-03  5.99973E-02  9.43290E-05
      2072
 -1.30686E-02 -5.23910E-03  3.18788E-01 -3.14796E-02  5.08101E-02 -4.71189E-04
      2073
 -1.29238E-02 -4.45762E-03  4.56339E-01 -6.45060E-02  4.51451E-02 -6.68660E-04
      2074
 -1.27516E-02 -4.73629E-03  1.18943E-01  1.20448E-02  5.55240E-02  3.66228E-04
      2075
 -1.26874E-02 -5.32474E-03  2.25760E-01 -1.20815E-02  4.71517E-02 -1.74401E-04
      2076
 -1.23575E-02 -5.08697E-03  3.17603E-01 -3.63134E-02  4.16381E-02 -5.58775E-04
      2077
 -1.29503E-02 -4.19661E-03  8.89511E-02  2.15426E-02  5.14873E-02  5.72586E-04
      2078
 -1.27408E-02 -5.00131E-03  1.51278E-01  7.36511E-03  4.55503E-02  4.36847E-06
      2079
 -1.23522E-02 -5.32070E-03  2.05815E-01 -8.39661E-03  3.97871E-02 -6.19742E-04
      2080
 -1.11882E-02 -5.64132E-03  1.98536E-01 -9.88211E-03  3.12668E-02 -8.82713E-04
      2081
 -1.09200E-02 -4.80996E-03  2.62633E-01 -3.20492E-02  2.51062E-02 -6.45375E-04
      2082
 -1.03782E-02 -4.26774E-03  3.10383E-01 -5.57959E-02  1.91844E-02 -6.38834E-04
      2083
 -9.92795E-03 -3.49800E-03  3.44849E-01 -7.98483E-02  1.59002E-02 -7.01306E-04
      2084
 -1.02151E-02 -5.74139E-03  1.91374E-01 -8.35971E-03  2.49533E-02 -8.61334E-04
      2085
 -9.20358E-03 -4.70634E-03  2.19052E-01 -2.21251E-02  1.05818E-02 -6.46158E-04
      2086
 -8.15187E-03 -4.05609E-03  1.99469E-01 -3.53212E-02 -4.58939E-03 -5.32461E-04
      2087
 -6.80311E-03 -3.25849E-03  1.38437E-01 -4.71120E-02 -1.41249E-02 -5.71153E-04
      2088
 -9.24819E-03 -5.67929E-03  1.86535E-01 -4.18371E-03  1.93600E-02 -7.62992E-04
      2089
 -7.91569E-03 -4.62785E-03  1.95531E-01 -7.09437E-03 -3.34104E-03 -4.95873E-04
      2090
 -6.61654E-03 -3.85516E-03  1.51595E-01 -3.51803E-03 -2.57226E-02 -3.51267E-04
      2091
 -4.76931E-03 -2.60776E-03  8.31310E-02  1.44206E-02 -3.82945E-02 -2.52313E-04
      2092
 -8.41483E-03 -5.52736E-03  1.85947E-01  2.54335E-03  1.33094E-02 -5.76634E-04
      2093
 -7.17280E-03 -4.51943E-03  1.98357E-01  1.03285E-02 -1.66990E-02 -3.23239E-04
      2094
 -6.37077E-03 -3.38439E-03  1.86557E-01  3.12260E-02 -3.79228E-02 -1.03921E-04
      2095
 -6.33612E-03 -1.66214E-03  2.18718E-01  6.73019E-02 -3.96151E-02  3.92768E-05
      2096
 -1.00776E-02 -3.03079E-03  3.99357E-01 -9.46747E-02  1.79907E-02 -7.15340E-04
      2097
 -6.72211E-03 -2.08284E-03  1.63799E-01 -7.57075E-02 -2.83313E-03 -7.22393E-04
      2098
 -3.32785E-03 -4.28268E-04  1.07691E-04 -3.13811E-02 -1.36058E-02 -2.44646E-04
      2099
 -7.71758E-03 -2.78851E-03  2.07231E-01 -7.27404E-02 -6.06888E-04 -7.33368E-04
      2100
 -5.39706E-03 -1.78234E-03  7.56558E-02 -5.55336E-02 -8.62074E-03 -7.02186E-04
      2101
 -2.85604E-03  5.37154E-05 -9.71846E-03 -1.73854E-02 -1.38860E-02 -1.96695E-03
      2102
 -5.61446E-03 -2.55372E-03  7.30495E-02 -4.38196E-02 -1.39667E-02 -8.43742E-04
      2103
 -4.12663E-03 -9.17007E-04  1.92434E-02 -2.76167E-02 -1.07605E-02 -1.15947E-03
      2104
 -1.27569E-03 -4.47540E-04 -1.42888E-02 -5.11288E-03 -1.43689E-02 -1.06795E-03
      2105
 -3.26857E-03 -1.82036E-03  2.95479E-02  7.76470E-03 -3.92801E-02 -5.40557E-04
      2107
 -2.14409E-03 -9.66274E-04 -1.42899E-02  5.43919E-03 -2.05947E-02  6.27111E-04
      2108
 -4.99615E-03 -9.51320E-04  1.11753E-01  6.12720E-02 -2.99298E-02  2.09493E-04
      2109
 -3.89722E-03 -9.57888E-04  3.12128E-02  4.38741E-02 -1.53546E-02  1.01753E-03
      2110
 -1.72972E-03 -9.56349E-04 -1.07168E-02  1.11122E-02 -8.96414E-03  6.22186E-04
      2111
 -6.84573E-03 -1.03815E-03  2.69054E-01  7.52491E-02 -3.25193E-02  3.25771E-04
      2112
 -4.87120E-03 -8.44088E-04  1.03660E-01  6.26901E-02 -2.09023E-02  3.84418E-04
      2113
 -2.94008E-03 -1.27955E-03 -2.41120E-03  2.91405E-02 -9.78205E-03  9.86475E-04
      2114
 -2.93069E-03 -1.17742E-03 -7.89418E-03  3.42778E-02 -6.09592E-03  2.04183E-04
      2115
 -2.72141E-03 -9.15567E-04 -1.00697E-02  3.32544E-02 -2.73231E-04  6.13015E-05
      2116
 -2.25406E-03 -6.61872E-04 -8.59783E-03  2.48441E-02  4.53532E-03  1.81369E-04
      2117
 -4.27150E-03 -9.46329E-04  8.03386E-02  5.38425E-02 -1.35245E-02  3.01448E-04
      2118
 -3.64176E-03 -6.97633E-04  6.34090E-02  4.61520E-02 -1.12574E-02  2.08992E-04
      2119
 -3.13507E-03 -4.15004E-04  4.85936E-02  3.88403E-02 -1.01124E-02  2.41583E-04
      2120
 -5.95128E-03 -6.55341E-04  2.09988E-01  7.06361E-02 -2.56272E-02  3.10341E-04
      2121
 -4.97328E-03 -4.58269E-04  1.60970E-01  5.82732E-02 -2.22688E-02  3.23318E-04
      2122
 -4.02799E-03 -2.69732E-04  1.16136E-01  4.47056E-02 -2.09304E-02  2.56979E-04
      2123
 -1.30612E-02 -2.76258E-03  7.51422E-01 -1.20352E-01  4.50563E-02  1.73232E-04
      2124
 -1.26483E-02 -1.78111E-03  8.70531E-01 -1.49832E-01  4.12968E-02 -7.00491E-04
      2125
 -1.23957E-02 -3.88481E-04  9.83523E-01 -1.81318E-01  4.06137E-02 -1.05115E-03
      2126
 -9.61755E-03 -2.30155E-03  4.34367E-01 -1.13977E-01  1.60044E-02 -7.62287E-04
      2127
 -9.12340E-03 -1.57031E-03  4.63420E-01 -1.32415E-01  1.19078E-02 -1.40206E-03
      2128
 -8.75537E-03 -7.87432E-04  4.81507E-01 -1.55799E-01  5.35858E-03 -8.59625E-04
      2129
 -6.12805E-03 -1.47299E-03  1.59252E-01 -7.92471E-02 -3.89017E-03 -6.68772E-04
      2130
 -5.56682E-03 -1.25313E-03  1.50443E-01 -8.38850E-02 -8.99276E-03 -1.17921E-03
      2131
 -5.05257E-03 -9.97514E-04  1.34869E-01 -8.54179E-02 -1.33887E-02 -7.19634E-04
      2132
 -3.17610E-03 -7.22649E-04 -8.53972E-03 -3.59378E-02 -1.11085E-02 -3.56315E-04
      2133
 -2.97359E-03 -7.89651E-04 -1.45435E-02 -3.37148E-02 -6.01871E-03 -4.26601E-04
      2134
 -2.62630E-03 -8.02504E-04 -1.75300E-02 -2.76868E-02 -2.32819E-03 -6.01518E-04
      2135
 -1.04546E-02  7.39991E-04  7.43391E-01 -1.93471E-01  2.85274E-02 -1.28068E-03
      2136
 -8.66085E-03  1.78927E-03  4.86462E-01 -1.89509E-01  2.83472E-02 -1.28752E-03
      2137
 -6.69137E-03  3.28423E-03  2.43997E-01 -1.78704E-01  2.74097E-02 -1.82964E-03
      2138
 -7.16300E-03 -1.45917E-04  3.16656E-01 -1.59808E-01 -2.45572E-03 -1.53917E-03
      2139
 -5.63318E-03  1.12971E-03  1.55950E-01 -1.57083E-01  1.47355E-02 -1.75445E-03
      2140
 -2.92866E-03  2.86787E-03  7.16080E-02 -7.00694E-02  2.33323E-02 -1.70154E-03
      2141
 -3.35542E-03 -4.17133E-04  5.15544E-02 -6.55923E-02 -2.96517E-02 -1.61638E-03
      2143
 -1.29814E-03  1.63944E-03  7.73696E-03 -1.83228E-02  1.09035E-02 -9.24783E-04
      2144
 -1.61356E-03 -1.99004E-04 -1.15216E-02  4.01049E-03  1.01649E-02 -4.21570E-04
      2145
 -1.51288E-03  3.36866E-04 -1.69724E-03 -3.19896E-03 -4.46935E-04 -8.52919E-05
      2146
 -9.83733E-04  3.25845E-04 -3.39698E-03 -2.09345E-03 -2.02797E-04  5.88276E-05
      2147
 -1.89683E-03 -7.43848E-04 -2.63345E-02 -7.22383E-04  1.19246E-02 -3.30701E-04
      2148
 -1.51383E-03 -4.95394E-04 -8.70405E-03  4.92256E-03  8.07773E-03 -1.47897E-04
      2150
 -1.18152E-03 -4.71080E-04  8.55314E-04  2.49734E-03 -8.66157E-04  3.07696E-04
      2151
 -1.91252E-03 -7.19987E-04 -2.17830E-02  1.36252E-02  1.15134E-02  4.99345E-05
      2152
 -1.99616E-03 -4.53624E-04  6.65977E-03  2.16959E-02 -6.71173E-04  1.96008E-04
      2153
 -2.51012E-03 -2.10047E-04  3.14768E-02  2.76211E-02 -1.00457E-02  3.51272E-04
      2154
 -2.65039E-03 -3.19311E-04  5.27156E-02  2.91893E-02 -1.53307E-02  2.87818E-04
      2155
 -1.20955E-02  2.06607E-03  1.10480E+00 -2.00649E-01  3.96086E-02 -5.05749E-04
      2156
 -1.16875E-02  4.30987E-03  1.22387E+00 -1.95546E-01  4.05280E-02 -1.62596E-03
      2157
 -1.17238E-02  5.85827E-03  1.26538E+00 -1.68230E-01  3.47663E-02  8.26681E-04
      2158
 -1.23122E-02  7.92223E-03  1.26540E+00 -1.35421E-01  2.68012E-02 -5.18669E-04
      2159
 -1.05078E-02  2.69075E-03  8.21508E-01 -2.03650E-01  3.99738E-02 -9.30723E-04
      2160
 -1.05822E-02  4.37069E-03  9.23045E-01 -1.95384E-01  5.02500E-02 -9.62648E-04
      2161
 -1.07111E-02  5.38813E-03  9.91832E-01 -1.74774E-01  5.29833E-02 -6.00332E-04
      2162
 -1.09934E-02  6.59978E-03  1.03793E+00 -1.52770E-01  4.62117E-02 -7.05329E-04
      2163
 -8.89145E-03  3.38441E-03  5.42354E-01 -1.96738E-01  4.41960E-02 -1.10517E-03
      2164
 -9.20130E-03  4.36050E-03  6.23232E-01 -1.93347E-01  6.12892E-02 -6.78551E-04
      2165
 -9.50290E-03  4.93732E-03  6.97748E-01 -1.79972E-01  6.73177E-02 -5.44533E-04
      2166
 -9.76795E-03  5.53403E-03  7.65215E-01 -1.63520E-01  6.57817E-02 -5.76240E-04
      2167
 -7.41922E-03  3.88677E-03  2.76744E-01 -1.94742E-01  5.32057E-02 -9.67671E-04
      2168
 -7.98980E-03  4.22551E-03  3.26146E-01 -1.93077E-01  6.96355E-02 -5.90161E-04
      2169
 -8.39476E-03  4.51047E-03  3.86025E-01 -1.86882E-01  7.90141E-02 -4.47670E-04
      2170
 -8.66886E-03  4.74453E-03  4.51398E-01 -1.77360E-01  8.27320E-02 -4.22508E-04
      2171
 -1.49674E-03 -2.27331E-04  2.97967E-03  1.41787E-03  1.62309E-02  2.14995E-04
      2172
 -1.86452E-03 -2.70749E-04  2.15345E-02 -9.96356E-03  3.05384E-02 -1.59485E-04
      2173
 -2.34610E-03 -8.26399E-05  5.03571E-02 -1.24840E-02  4.09221E-02 -5.33093E-04
      2174
 -2.73145E-03  3.68292E-04  8.59465E-02 -2.56989E-02  4.60219E-02 -7.06278E-04
      2175
 -1.23271E-03 -4.48608E-04 -2.82461E-04 -1.31039E-03  5.06093E-04 -3.75384E-06
      2176
 -1.29634E-03 -3.91200E-04  5.62418E-03 -4.47256E-03  8.19742E-03 -2.92452E-04
      2177
 -1.09481E-03  1.71963E-04  2.67898E-02 -2.62665E-02  2.03898E-02 -4.76037E-04
      2178
 -1.19761E-03  1.07870E-03  7.25988E-02 -3.59488E-02  3.68920E-02 -8.64275E-04
      2179
 -1.53238E-03 -4.47473E-04  1.90064E-02  1.28345E-02 -1.43815E-02  6.05420E-05
      2182
  1.09898E-03  2.66424E-03  3.21433E-02 -3.32440E-02  2.44282E-02 -1.22721E-03
      2183
 -1.28756E-02  1.02164E-02  1.26164E+00 -1.21127E-01  2.26086E-02 -1.94773E-03
      2184
 -1.32427E-02  1.33328E-02  1.25531E+00 -1.14656E-01  1.94887E-02 -1.13195E-03
      2185
 -1.34670E-02  1.69977E-02  1.24588E+00 -1.10327E-01  1.73252E-02 -1.19597E-03
      2186
 -1.31682E-02  2.11550E-02  1.23386E+00 -1.07165E-01  1.59239E-02 -2.60466E-03
      2187
 -1.13019E-02  8.04928E-03  1.06860E+00 -1.35349E-01  3.63820E-02 -8.80172E-04
      2188
 -1.15268E-02  9.96038E-03  1.08878E+00 -1.22539E-01  2.91267E-02 -1.07200E-03
      2189
 -1.16701E-02  1.23244E-02  1.10088E+00 -1.14906E-01  2.37446E-02 -1.25460E-03
      2190
 -1.17490E-02  1.50827E-02  1.10662E+00 -1.10608E-01  2.02901E-02 -1.41360E-03
      2191
 -9.98560E-03  6.26878E-03  8.24009E-01 -1.49477E-01  5.89133E-02 -6.93519E-04
      2192
 -1.01581E-02  7.26658E-03  8.74023E-01 -1.36644E-01  4.91785E-02 -8.33950E-04
      2193
 -1.02714E-02  8.51395E-03  9.13776E-01 -1.26017E-01  4.05176E-02 -9.72468E-04
      2194
 -1.03536E-02  9.96569E-03  9.44293E-01 -1.18540E-01  3.30339E-02 -1.11104E-03
      2195
 -8.88558E-03  4.98867E-03  5.18012E-01 -1.66603E-01  8.19250E-02 -4.67355E-04
      2196
 -9.07035E-03  5.31430E-03  5.82759E-01 -1.56203E-01  7.78908E-02 -5.53888E-04
      2197
 -9.22711E-03  5.76290E-03  6.43036E-01 -1.46359E-01  7.07300E-02 -6.78736E-04
      2198
 -9.34733E-03  6.34358E-03  6.97299E-01 -1.37370E-01  6.28776E-02 -9.12202E-04
      2199
 -3.06233E-03  7.58421E-04  1.26352E-01 -3.72176E-02  5.32886E-02 -9.39615E-04
      2200
 -3.45000E-03  1.59664E-03  1.74804E-01 -4.40730E-02  6.55642E-02 -1.28956E-03
      2201
 -3.77386E-03  2.67441E-03  2.29084E-01 -5.39892E-02  6.76533E-02 -1.62173E-03
      2202
 -4.24599E-03  4.09664E-03  2.82356E-01 -6.61728E-02  6.29659E-02 -1.82664E-03
      2203
 -1.25811E-03  2.86492E-03  1.32704E-01 -4.32556E-02  4.59180E-02 -1.20969E-03
      2204
 -1.24914E-03  4.99529E-03  1.91990E-01 -5.63209E-02  3.62813E-02 -1.42438E-03
      2205
 -1.28778E-03  7.40542E-03  2.37316E-01 -6.95136E-02  2.62136E-02 -1.50143E-03
      2206
 -1.11494E-03  9.65342E-03  2.70349E-01 -7.90081E-02  1.88399E-02 -1.50080E-03
      2207
  1.97004E-03  5.68464E-03  6.66027E-02 -5.99422E-02  1.00298E-02 -1.52063E-03
      2208
  2.62952E-03  9.28524E-03  8.07041E-02 -8.08661E-02  3.49348E-03 -1.66120E-03
      2209
  3.22366E-03  1.27754E-02  8.58985E-02 -9.32301E-02  6.51029E-04 -1.72639E-03
      2210
  3.69114E-03  1.63609E-02  8.57728E-02 -1.01895E-01 -1.77744E-03 -1.78748E-03
      2211
 -8.57598E-03  5.85230E-03  5.92477E-01 -1.21313E-01  6.62567E-02 -1.06962E-03
      2212
 -8.89020E-03  9.91265E-03  7.83398E-01 -1.12296E-01  3.87140E-02 -1.22136E-03
      2213
 -9.06793E-03  1.52911E-02  8.89979E-01 -1.06740E-01  2.08506E-02 -1.48087E-03
      2214
 -9.28815E-03  2.15763E-02  9.51552E-01 -1.09876E-01  1.48992E-02  7.47138E-03
      2215
 -7.68985E-03  5.39286E-03  4.99079E-01 -1.09215E-01  6.71819E-02 -1.23406E-03
      2216
 -7.11465E-03  9.85288E-03  6.34959E-01 -1.01762E-01  3.99300E-02 -1.35101E-03
      2217
 -6.26494E-03  1.55420E-02  6.82169E-01 -1.02514E-01  1.94196E-02 -1.54847E-03
      2218
 -5.32830E-03  2.20878E-02  6.69963E-01 -1.07841E-01  9.97690E-03 -7.76143E-03
      2219
 -6.66982E-03  4.96640E-03  4.15561E-01 -9.70919E-02  6.78745E-02 -1.36597E-03
      2220
 -5.17034E-03  9.77480E-03  5.01503E-01 -9.11640E-02  3.68141E-02 -1.45151E-03
      2221
 -3.21058E-03  1.57782E-02  4.82206E-01 -9.83556E-02  1.39001E-02 -1.63307E-03
      2222
 -1.03027E-03  2.27155E-02  3.88376E-01 -1.08120E-01  3.93235E-03 -7.10869E-03
      2223
 -5.58581E-03  4.57870E-03  3.42686E-01 -8.31459E-02  6.74355E-02 -1.53594E-03
      2224
 -3.07404E-03  9.66622E-03  3.81799E-01 -8.21837E-02  2.93582E-02 -1.48900E-03
      2225
  3.59219E-05  1.60522E-02  2.86515E-01 -9.80923E-02  6.09013E-03 -1.73772E-03
      2226
  3.93472E-03  2.33928E-02  1.02913E-01 -1.11254E-01 -1.98357E-03  1.32966E-02
      2227
 -1.56727E-02  4.31553E-03  1.22403E+00 -1.05008E-01  1.55092E-02  1.11007E-04
      2228
 -2.40502E-02 -5.44875E-02  1.21438E+00 -1.00970E-01  1.42861E-02  3.17679E-03
      2229
 -1.15333E-02  6.44391E-03  9.45193E-01 -1.13925E-01  1.52667E-02  6.34250E-03
      2230
 -1.91994E-02 -4.68455E-02  9.39173E-01 -1.18497E-01  1.57575E-02  4.47135E-04
      2231
 -6.32216E-03  8.61207E-03  6.60911E-01 -1.11345E-01  8.75592E-03 -5.83032E-03
      2232
 -9.69669E-03 -3.84733E-02  6.51084E-01 -1.14630E-01  9.15647E-03 -5.19940E-03
      2233
 -1.23446E-03  1.09290E-02  3.77991E-01 -1.11404E-01  3.53154E-03 -3.06127E-03
      2234
 -2.19462E-03 -3.01739E-02  3.66794E-01 -1.15545E-01  2.70699E-03 -2.09256E-03
      2235
  4.61396E-03  1.33021E-02  9.13042E-02 -1.14551E-01 -3.22494E-03  1.48346E-03
      2236
  6.29122E-03 -2.18473E-02  7.88076E-02 -1.17614E-01 -3.44122E-03 -2.80617E-03
      2237
  8.84059E-03 -9.09669E-02  6.94483E-02 -1.17047E-01 -2.65041E-03 -9.36592E-03
      2238
 -3.40865E-03 -9.74622E-02  3.60268E-01 -1.20855E-01  1.64488E-03 -1.83918E-03
      2239
 -1.47702E-02 -1.03830E-01  6.48832E-01 -1.19076E-01  9.66134E-03 -4.12160E-03
      2240
 -2.77311E-02 -1.10329E-01  9.37639E-01 -1.17482E-01  1.47362E-02 -7.67094E-03
      2241
 -3.28359E-02 -1.15939E-01  1.20953E+00 -9.97679E-02  1.52980E-02  2.27949E-03
      2242
  1.19906E-02 -1.91681E-01  6.06376E-02 -1.19907E-01 -3.40618E-03 -5.90632E-03
      2243
 -4.14801E-03 -1.93203E-01  3.52098E-01 -1.22895E-01  9.32235E-04 -7.57387E-03
      2244
 -2.17000E-02 -1.94117E-01  6.44994E-01 -1.22499E-01  9.29945E-03 -7.27288E-03
      2245
 -3.78725E-02 -1.94139E-01  9.33387E-01 -1.19639E-01  1.46434E-02 -6.11528E-03
      2246
 -4.48809E-02 -1.93662E-01  1.20394E+00 -1.08208E-01  1.73095E-02  7.13215E-03
      2247
 -4.07444E-02 -1.72847E-01  1.21430E+00 -9.21369E-02  1.32959E-02  2.36655E-03
      2248
 -3.26911E-02 -1.15143E-01  1.21434E+00 -8.59593E-02  4.10134E-02  3.78811E-03
      2249
 -4.30183E-02 -1.83912E-01  1.20887E+00 -9.60927E-02  1.41406E-02  1.46081E-02
      2250
 -3.80089E-02 -1.50352E-01  1.20919E+00 -8.95470E-02  5.49778E-02  9.09595E-03
      2251
 -2.93543E-02 -8.92787E-02  1.22412E+00 -1.00531E-01  1.46638E-02 -2.63437E-03
      2252
 -4.26609E-02 -1.80275E-01  1.22417E+00 -9.93534E-02  1.37428E-02 -8.09695E-03
      2253
 -2.92372E-02 -8.51970E-02  1.23386E+00 -1.04701E-01  1.59154E-02 -3.41937E-03
      2254
 -4.48603E-02 -1.89236E-01  1.23381E+00 -1.02630E-01  1.52279E-02 -2.53764E-03
      2255
 -4.81678E-02 -2.01411E-01  1.24585E+00 -1.03249E-01  1.56761E-02 -7.66598E-03
      2256
 -5.32399E-02 -2.18965E-01  1.25526E+00 -1.17215E-01  2.02587E-02 -6.54319E-03
      2257
 -5.56473E-02 -2.23587E-01  1.26157E+00 -1.13974E-01  2.08971E-02  2.16753E-03
      2258
 -6.00638E-02 -2.42669E-01  1.26533E+00 -1.11584E-01  2.70908E-02 -1.93567E-02
      2259
 -3.12092E-02 -9.39501E-02  1.24592E+00 -1.10345E-01  1.79463E-02 -4.01450E-03
      2260
 -3.31109E-02 -1.02191E-01  1.25538E+00 -1.15378E-01  1.98687E-02 -2.37861E-03
      2261
 -3.44578E-02 -1.08578E-01  1.26166E+00 -1.15739E-01  2.11389E-02 -3.38940E-03
      2262
 -3.77476E-02 -1.22928E-01  1.26547E+00 -1.25776E-01  2.44431E-02 -9.37313E-03
      2263
 -5.40486E-02 -1.80329E-01  9.83429E-01 -1.77397E-01  4.09908E-02  8.32706E-03
      2264
 -5.24284E-02 -1.96844E-01  1.10475E+00 -1.95707E-01  4.02182E-02  2.58959E-03
      2265
 -5.12544E-02 -1.91927E-01  1.22380E+00 -1.95120E-01  3.87905E-02 -6.52202E-03
      2266
 -4.60277E-02 -1.60643E-01  1.26538E+00 -1.63495E-01  3.33282E-02 -1.41551E-02
      2267
 -9.54363E-02 -3.58343E-01  9.83134E-01 -1.77370E-01  4.11998E-02  1.68992E-02
      2268
 -9.27447E-02 -3.92847E-01  1.10457E+00 -1.95001E-01  4.01437E-02  5.78771E-03
      2269
 -9.06882E-02 -3.88382E-01  1.22362E+00 -1.96463E-01  3.73438E-02 -9.40114E-03
      2270
 -8.02439E-02 -3.24213E-01  1.26513E+00 -1.64580E-01  2.44575E-02 -3.33853E-02
      2271
 -6.37656E-02 -9.58024E-02  6.23088E-01 -9.14170E-02  4.99887E-02  1.06530E-02
      2272
 -5.94318E-02 -1.23838E-01  7.51175E-01 -1.20836E-01  4.53924E-02  1.03987E-02
      2273
 -5.62358E-02 -1.52783E-01  8.70355E-01 -1.50874E-01  4.28381E-02  1.08870E-02
      2274
 -1.13669E-01 -1.87537E-01  6.22183E-01 -9.13455E-02  5.01545E-02  2.13209E-02
      2275
 -1.05460E-01 -2.45300E-01  7.50511E-01 -1.21109E-01  4.58301E-02  2.13691E-02
      2276
 -9.94618E-02 -3.04177E-01  8.69884E-01 -1.50765E-01  4.30403E-02  2.16715E-02
      2277
 -8.10234E-02 -1.38493E-02  2.10476E-01 -8.76377E-03  6.72355E-02  1.18487E-02
      2278
 -7.13522E-02 -5.58205E-02  4.32289E-01 -5.09220E-02  5.43173E-02  1.13417E-02
      2279
 -1.48318E-01 -2.27657E-02  2.08929E-01 -8.97171E-03  6.72103E-02  2.32934E-02
      2280
 -1.28476E-01 -1.06878E-01  4.31098E-01 -5.08167E-02  5.70771E-02  2.28424E-02
      3001
 -3.13581E-02 -1.88065E-01  9.70093E-01 -1.02093E-01  1.33288E-02 -5.13114E-03
      3002
 -2.99652E-02 -1.79976E-01  9.64261E-01 -1.06445E-01  1.46982E-02 -5.09924E-03
      3003
 -2.84627E-02 -1.71455E-01  9.59919E-01 -1.13442E-01  1.72096E-02 -5.13043E-03
      3004
 -1.74413E-02 -1.87236E-01  6.95868E-01 -1.09304E-01  6.80244E-03 -5.21125E-03
      3005
 -1.63288E-02 -1.79341E-01  6.83510E-01 -1.14961E-01  7.56642E-03 -5.25480E-03
      3006
 -1.51884E-02 -1.71194E-01  6.70514E-01 -1.20209E-01  7.57618E-03 -5.28547E-03
      3007
 -3.39374E-03 -1.86331E-01  4.03246E-01 -1.14565E-01 -4.69409E-04 -5.17049E-03
      3008
 -2.72413E-03 -1.78934E-01  3.86185E-01 -1.18452E-01 -3.78184E-04 -5.19798E-03
      3009
 -2.07245E-03 -1.71433E-01  3.68617E-01 -1.23083E-01 -4.37067E-04 -5.20578E-03
      3010
  1.01533E-02 -1.85425E-01  1.03378E-01 -1.13482E-01 -6.31744E-03 -4.98341E-03
      3011
  1.04944E-02 -1.78848E-01  8.63237E-02 -1.16020E-01 -6.67075E-03 -4.97108E-03
      3012
  1.07811E-02 -1.71936E-01  6.78636E-02 -1.18934E-01 -8.40928E-03 -5.02651E-03
      3013
 -4.03066E-02 -2.41691E-01  9.86851E-01 -7.63450E-02  2.20242E-02 -5.93142E-03
      3014
 -3.81195E-02 -2.27204E-01  1.00070E+00 -8.98348E-02  1.46800E-02 -5.71011E-03
      3015
 -3.58377E-02 -2.13654E-01  9.93802E-01 -9.47833E-02  8.80219E-03 -5.44930E-03
      3016
 -3.35132E-02 -2.00683E-01  9.79227E-01 -9.62195E-02  1.00835E-02 -5.28767E-03
      3017
 -2.37217E-02 -2.40755E-01  7.55954E-01 -7.87390E-02  5.07866E-03 -5.47433E-03
      3018
 -2.19802E-02 -2.26888E-01  7.44338E-01 -8.79450E-02  4.71917E-03 -5.46540E-03
      3019
 -2.04296E-02 -2.13168E-01  7.29001E-01 -9.49648E-02  4.40957E-03 -5.39280E-03
      3020
 -1.88953E-02 -1.99989E-01  7.11637E-01 -1.02337E-01  5.05965E-03 -5.26524E-03
      3021
 -7.43022E-03 -2.40293E-01  5.10632E-01 -8.53698E-02 -5.05744E-03 -5.42892E-03
      3022
 -6.35377E-03 -2.26301E-01  4.81552E-01 -9.33434E-02 -4.09354E-03 -5.42239E-03
      3023
 -5.22276E-03 -2.12541E-01  4.53275E-01 -1.01546E-01 -2.92208E-03 -5.31462E-03
      3024
 -4.32900E-03 -1.99299E-01  4.27081E-01 -1.07587E-01 -1.21577E-03 -5.20824E-03
      3025
  8.84405E-03 -2.40021E-01  2.39809E-01 -9.53949E-02 -1.73349E-02 -5.70381E-03
      3026
  9.73011E-03 -2.25503E-01  1.93072E-01 -1.05125E-01 -1.06628E-02 -5.42774E-03
      3027
  9.77529E-03 -2.11973E-01  1.59573E-01 -1.07011E-01 -6.80437E-03 -5.21377E-03
      3028
  9.91790E-03 -1.98557E-01  1.31116E-01 -1.09746E-01 -6.40244E-03 -5.08700E-03
      4009
 -4.47220E-01  4.59305E-01 -2.85438E+00  2.51878E-01  2.47634E-01 -5.77219E-03
      4010
 -4.51888E-01  4.46172E-01 -3.49809E+00  2.47042E-01  2.35553E-01 -4.73185E-03
      4011
 -5.20624E-01  4.50062E-01 -6.30216E+00  1.75201E-01  2.55584E-01 -4.97065E-03
      4012
 -5.20501E-01  4.61745E-01 -5.75224E+00  1.73842E-01  2.68535E-01 -4.33432E-03
      5001
  2.56186E-02 -2.25573E-01 -1.23223E-01 -1.12302E-01 -6.85453E-03 -5.29970E-03
      5002
  2.44194E-02 -2.11635E-01 -1.44768E-01 -1.08848E-01 -8.98998E-03 -5.20942E-03
      5003
 -5.15357E-02 -2.14320E-01  1.25845E+00 -9.57554E-02  1.43085E-02 -5.48152E-03
      5004
 -5.54003E-02 -2.27553E-01  1.26796E+00 -9.61858E-02  1.62589E-02 -5.89265E-03
    -1
    -1
    55
9370 BUMPER                                                                     
GRID POINT DISPLACEMENTS                                                        
ANALYSIS DATE  9/10/89
REAL EIGENVALUE SOLUTION                        
MODE SHAPE         2 FREQUENCY  4.42099E+01
         1         2         3         8         2         6
         2         4         1         2
  4.42099E+01  0.00000E+00  0.00000E+00  0.00000E+00
         1
 -3.21478E-02  2.26714E-02 -1.61612E+00 -6.45432E-02  6.62356E-02  5.59712E-04
         2
 -7.57565E-02 -2.07815E-02 -1.72078E+00 -6.64316E-02  6.61713E-02 -1.08545E-03
         3
 -1.39334E-01 -8.65608E-02 -1.81520E+00 -6.93437E-02  6.71583E-02  1.37378E-03
         4
 -8.57199E-02 -2.60168E-02 -1.61612E+00 -5.70058E-02  6.62394E-02  4.93888E-04
         5
 -1.07617E-01 -4.74634E-02 -1.66839E+00 -5.95059E-02  6.64156E-02 -6.37035E-03
         6
 -1.39402E-01 -8.21184E-02 -1.71548E+00 -6.45075E-02  6.65061E-02 -5.77275E-03
         7
 -1.39283E-01 -7.11179E-02 -1.61610E+00 -5.50699E-02  6.67494E-02  9.33518E-04
         8
 -1.33139E-02  3.92127E-02 -1.53367E+00 -6.62388E-02  6.58721E-02  1.96555E-03
         9
 -7.63026E-02 -2.11729E-02 -1.53319E+00 -6.10819E-02  6.61810E-02  3.84968E-03
        10
 -1.39384E-01 -7.85980E-02 -1.53269E+00 -5.97816E-02  6.57737E-02  8.74857E-03
        11
 -6.53736E-03  4.28453E-02 -1.44933E+00 -6.77346E-02  6.65248E-02  2.99159E-03
        12
 -7.29844E-02 -2.34431E-02 -1.44933E+00 -6.44583E-02  6.62293E-02  5.03615E-03
        13
 -1.39512E-01 -8.75104E-02 -1.44930E+00 -6.31680E-02  6.64283E-02  6.08401E-03
        14
 -4.11386E-03  1.44956E-02 -7.29575E-01 -7.56280E-02  6.90450E-02  2.21785E-03
        15
 -4.96742E-03  2.15742E-02 -9.11780E-01 -7.21230E-02  6.72598E-02  1.21353E-04
        16
 -5.64808E-03  2.85288E-02 -1.09300E+00 -6.80866E-02  6.81194E-02  5.40617E-03
        17
 -6.28354E-03  3.54791E-02 -1.27224E+00 -6.91023E-02  6.61814E-02  1.70325E-03
        18
 -7.24743E-02 -7.07886E-02 -7.29715E-01 -9.17127E-02  6.84931E-02  1.36958E-03
        19
 -7.30414E-02 -5.47160E-02 -9.11812E-01 -7.86316E-02  6.81333E-02  7.19849E-03
        20
 -7.32666E-02 -4.15500E-02 -1.09306E+00 -7.09334E-02  6.76377E-02  3.00344E-03
        21
 -7.31686E-02 -3.59365E-02 -1.27225E+00 -7.23284E-02  6.67098E-02  3.24854E-03
        22
 -1.40582E-01 -1.60505E-01 -7.29823E-01 -8.42734E-02  7.59040E-02 -9.58915E-04
        23
 -1.41443E-01 -1.36350E-01 -9.11845E-01 -8.29624E-02  6.81063E-02  1.50819E-02
        24
 -1.41087E-01 -1.13716E-01 -1.09300E+00 -7.23173E-02  6.75536E-02  2.18039E-03
        25
 -1.39884E-01 -1.05561E-01 -1.27222E+00 -6.53813E-02  6.53321E-02  6.07896E-03
        26
  7.54376E-04 -1.82167E-04  6.67343E-02  1.65751E-02  6.16964E-02  1.96759E-03
        27
 -3.51295E-04  8.81465E-04 -1.22317E-01 -3.48775E-02  5.62765E-02  1.37266E-03
        28
 -1.23633E-03  3.66191E-03 -3.20702E-01 -4.39420E-02  7.30056E-02 -2.57199E-03
        29
 -2.57420E-03  8.42761E-03 -5.25117E-01 -6.26555E-02  6.73874E-02  4.82491E-03
        30
 -6.15480E-02  1.36125E-02  6.64870E-02  1.13981E-02  6.18850E-02 -1.46289E-02
        31
 -6.55316E-02 -2.73998E-02 -1.22665E-01 -2.23855E-02  6.52857E-02 -9.50681E-03
        32
 -6.89894E-02 -4.21203E-02 -3.20959E-01 -4.68794E-02  6.80089E-02 -3.57513E-03
        33
 -7.11592E-02 -5.69976E-02 -5.25266E-01 -6.68072E-02  6.90107E-02 -7.14591E-03
        34
 -1.23863E-01  2.54882E-02  6.58574E-02  1.22025E-02  6.21604E-02 -2.75995E-02
        35
 -1.30951E-01 -4.99608E-02 -1.23284E-01 -2.27115E-02  6.51528E-02 -1.93397E-02
        36
 -1.36929E-01 -8.82700E-02 -3.21410E-01 -4.50821E-02  6.76594E-02 -9.31053E-03
        37
 -1.40362E-01 -1.27083E-01 -5.25429E-01 -7.19581E-02  6.88157E-02 -1.74175E-02
        38
  3.28361E-03 -2.59650E-03  5.32533E-01  9.07221E-02  5.11958E-02 -1.63010E-04
        39
  2.52612E-03 -1.43668E-03  3.86834E-01  7.33597E-02  5.61819E-02  1.09651E-03
        40
  1.66675E-03 -7.22482E-04  2.31059E-01  4.97746E-02  5.74202E-02 -1.45544E-03
        41
 -4.81219E-02  8.70022E-02  5.32154E-01  8.79115E-02  5.14820E-02 -3.72100E-03
        42
 -5.31874E-02  7.12441E-02  3.86520E-01  7.16066E-02  5.56674E-02 -7.69414E-03
        43
 -5.75872E-02  4.76563E-02  2.30750E-01  4.66136E-02  6.01980E-02 -1.02323E-02
        44
 -9.98452E-02  1.75012E-01  5.31194E-01  8.75290E-02  5.15319E-02 -8.39139E-03
        45
 -1.09091E-01  1.43216E-01  3.85707E-01  7.18769E-02  5.56918E-02 -1.46832E-02
        46
 -1.16985E-01  9.37746E-02  2.30039E-01  4.54570E-02  5.91607E-02 -2.20854E-02
        47
  6.65186E-03 -6.42998E-03  9.67749E-01  1.23183E-01  2.55458E-02  1.18247E-04
        48
  6.02129E-03 -6.24034E-03  8.86502E-01  1.13589E-01  3.37430E-02 -2.40598E-05
        49
  5.17116E-03 -5.47460E-03  7.85029E-01  1.05061E-01  4.05306E-02  4.39414E-04
        50
  4.22217E-03 -4.21147E-03  6.66145E-01  9.73012E-02  4.66516E-02  3.55136E-04
        51
 -1.89097E-02  1.17472E-01  9.67159E-01  1.23591E-01  2.56609E-02 -3.89201E-03
        52
 -2.75283E-02  1.07931E-01  8.85945E-01  1.13843E-01  3.36451E-02 -3.10792E-03
        53
 -3.53092E-02  1.00207E-01  7.84517E-01  1.05436E-01  4.05781E-02 -2.63276E-03
        54
 -4.21910E-02  9.37568E-02  6.65691E-01  9.78357E-02  4.64984E-02 -2.18315E-03
        55
 -4.47129E-02  2.41476E-01  9.65512E-01  1.23428E-01  2.56915E-02 -7.50101E-03
        56
 -6.13456E-02  2.22284E-01  8.84464E-01  1.13940E-01  3.36806E-02 -6.50476E-03
        57
 -7.60863E-02  2.06084E-01  7.83209E-01  1.05467E-01  4.06196E-02 -5.39565E-03
        58
 -8.88999E-02  1.92007E-01  6.64561E-01  9.79128E-02  4.65398E-02 -4.96988E-03
        59
  3.86796E-03 -6.40550E-03 -2.20849E-01  1.16028E-01 -2.18626E-02 -1.97117E-04
        60
  4.30907E-03 -6.62030E-03 -2.01327E-01  1.09200E-01 -1.89118E-02 -9.92945E-05
        61
  4.77838E-03 -6.79329E-03 -1.84163E-01  1.02152E-01 -1.69228E-02  2.64294E-05
        62
  5.27610E-03 -6.90673E-03 -1.68362E-01  9.45474E-02 -1.60239E-02  2.09373E-04
        63
  5.83107E-03 -6.87703E-03 -1.52924E-01  8.56299E-02 -1.61197E-02  5.14059E-04
        64
  4.36023E-03 -6.61815E-03  1.68890E-01  1.17812E-01 -1.70014E-03 -1.76916E-04
        65
  4.57251E-03 -6.78980E-03  1.67407E-01  1.09239E-01  3.37502E-03 -6.81059E-05
        66
  4.69366E-03 -6.76803E-03  1.58660E-01  1.00174E-01  7.73366E-03  5.95671E-05
        67
  4.69998E-03 -6.49115E-03  1.43599E-01  9.00612E-02  1.15676E-02  1.94692E-04
        68
  4.56219E-03 -5.95624E-03  1.22902E-01  7.87903E-02  1.50338E-02  3.54479E-04
        69
  5.15406E-03 -6.57993E-03  5.64015E-01  1.19308E-01  1.32474E-02 -2.10061E-04
        70
  5.01899E-03 -6.59410E-03  5.27873E-01  1.11184E-01  2.03716E-02 -7.52347E-05
        71
  4.72789E-03 -6.22147E-03  4.77364E-01  1.03067E-01  2.67607E-02  6.82898E-05
        72
  4.28912E-03 -5.45444E-03  4.14070E-01  9.52763E-02  3.24268E-02  1.85795E-04
        73
  3.70950E-03 -4.41295E-03  3.38693E-01  8.78484E-02  3.80016E-02  2.61968E-04
        74
  7.62488E-03 -4.48302E-03 -1.01011E+00  1.37859E-01 -9.88484E-02 -1.28610E-03
        75
  9.61648E-03 -6.18589E-03 -6.81415E-01  9.26987E-02 -8.08708E-02  8.71355E-05
        76
  1.09442E-02 -5.62114E-03 -4.12631E-01  5.11022E-02 -6.58822E-02  7.12560E-05
        77
  1.19515E-02 -4.33294E-03 -1.98066E-01  1.83604E-02 -5.14280E-02  5.63001E-04
        78
  7.68194E-03 -4.60823E-03 -9.10247E-01  1.38810E-01 -9.01248E-02 -3.18736E-04
        79
  9.15560E-03 -6.09998E-03 -6.72406E-01  1.03468E-01 -7.58058E-02 -7.48787E-05
        80
  1.00279E-02 -6.06671E-03 -4.72126E-01  6.78350E-02 -6.38948E-02  3.05553E-04
        81
  1.07527E-02 -5.24920E-03 -3.02765E-01  3.82987E-02 -5.45811E-02  5.47772E-04
        82
  7.83485E-03 -4.74527E-03 -8.09820E-01  1.39496E-01 -8.14509E-02 -4.29508E-04
        83
  8.81532E-03 -5.93803E-03 -6.51604E-01  1.14215E-01 -7.10380E-02 -2.44165E-04
        84
  9.40019E-03 -6.27869E-03 -5.14649E-01  8.66958E-02 -6.10029E-02  1.10676E-04
        85
  9.73988E-03 -6.00729E-03 -3.95298E-01  6.14135E-02 -5.46587E-02  3.94246E-04
        86
  8.12544E-03 -4.88446E-03 -7.08722E-01  1.40628E-01 -7.29297E-02 -4.96053E-04
        87
  8.72697E-03 -5.66879E-03 -6.19219E-01  1.24960E-01 -6.62888E-02 -3.73076E-04
        88
  8.98216E-03 -6.17152E-03 -5.38712E-01  1.07860E-01 -5.93984E-02 -4.29065E-05
        89
  9.18874E-03 -6.36545E-03 -4.67035E-01  8.92822E-02 -5.29046E-02  2.14980E-04
        90
  8.74721E-03 -6.67280E-03 -4.01508E-01  8.27558E-02 -4.24272E-02  5.00726E-04
        91
  8.81435E-03 -5.97871E-03 -3.00613E-01  5.96528E-02 -3.83151E-02  5.01956E-04
        92
  8.89447E-03 -5.27839E-03 -2.12379E-01  3.83981E-02 -3.32778E-02  5.79738E-04
        93
  9.07543E-03 -4.34814E-03 -1.36521E-01  2.09923E-02 -2.92003E-02  6.83264E-04
        94
  8.13103E-03 -6.84140E-03 -3.39471E-01  7.98769E-02 -3.51870E-02  6.60147E-04
        95
  7.51658E-03 -5.97028E-03 -2.06165E-01  6.09016E-02 -2.45394E-02  5.86905E-04
        96
  6.88368E-03 -5.20359E-03 -1.15906E-01  4.33633E-02 -1.26463E-02  5.93679E-04
        97
  6.02698E-03 -4.16068E-03 -6.37032E-02  2.53712E-02 -6.22231E-03  6.98207E-04
        98
  7.38660E-03 -6.89742E-03 -2.78508E-01  7.97213E-02 -2.93432E-02  7.02382E-04
        99
  6.22615E-03 -5.99092E-03 -1.06649E-01  6.58984E-02 -1.08820E-02  5.68622E-04
       100
  5.01502E-03 -5.11746E-03  8.50278E-05  5.46487E-02  7.54466E-03  5.31538E-04
       101
  3.23704E-03 -3.65163E-03  4.91809E-02  4.64967E-02  2.33635E-02  5.33647E-04
       102
  6.60838E-03 -6.88292E-03 -2.16838E-01  8.15533E-02 -2.30016E-02  6.86759E-04
       103
  5.17075E-03 -6.01951E-03  3.08016E-03  7.31434E-02  2.15313E-03  4.79744E-04
       104
  3.91409E-03 -4.81294E-03  1.49404E-01  6.96677E-02  2.68926E-02  3.85047E-04
       105
  2.88887E-03 -2.95512E-03  2.55798E-01  8.05335E-02  4.31894E-02  3.52762E-04
       106
  9.62088E-03 -3.78739E-03 -1.01819E-01  1.13992E-02 -2.88479E-02  7.14873E-04
       107
  6.59856E-03 -2.83567E-03 -4.60684E-02  8.62587E-03 -1.20440E-02  7.55042E-04
       108
  3.04580E-03 -1.05429E-03 -1.43144E-02  8.80371E-03  8.60012E-04  1.44876E-04
       109
  7.28023E-03 -3.59668E-03 -7.25607E-02  1.49333E-02 -1.54874E-02  7.63057E-04
       110
  5.10419E-03 -2.46543E-03 -3.28416E-02  1.15707E-02 -6.48582E-03  7.82641E-04
       111
  2.52002E-03 -4.51772E-04 -1.06066E-02  9.96994E-03  3.33808E-03  1.72003E-03
       112
  5.02749E-03 -3.21105E-03 -3.50154E-02  1.88787E-02 -5.22369E-03  9.70656E-04
       113
  3.61348E-03 -1.48626E-03 -1.28958E-02  1.89680E-02 -4.41143E-04  1.07750E-03
       114
  1.04886E-03 -7.54061E-04 -8.06713E-03  2.82630E-03  8.30634E-03  1.28876E-03
       115
  2.25182E-03 -2.65356E-03  1.75806E-02  2.87430E-02  2.42652E-02  9.63408E-04
       117
  1.48598E-03 -1.30066E-03 -4.80092E-03  1.39567E-02  7.55387E-03 -4.86692E-04
       118
  2.31942E-03 -1.90568E-03  1.33195E-01  7.06122E-02  3.52043E-02  2.85759E-04
       119
  2.03334E-03 -1.34313E-03  3.91120E-02  5.51558E-02  1.64810E-02 -4.31911E-04
       120
  1.07478E-03 -1.06879E-03  1.04376E-04  9.42663E-03 -1.80961E-03  5.23088E-06
       121
  2.69391E-03 -2.10806E-03  3.07851E-01  8.15797E-02  4.45776E-02  9.93471E-05
       122
  2.15965E-03 -1.47370E-03  1.21074E-01  6.62030E-02  2.76561E-02  7.27318E-06
       123
  1.62255E-03 -1.32590E-03  8.49672E-03  3.13511E-02  5.67873E-03 -4.29798E-04
       124
  1.59234E-03 -1.35772E-03  5.45240E-03  3.01562E-02  3.37828E-03 -2.12510E-05
       125
  1.48484E-03 -1.23743E-03  4.38169E-03  2.55259E-02 -1.62984E-04  7.00918E-05
       126
  1.28072E-03 -1.16192E-03  4.68171E-03  1.91071E-02 -6.41397E-04  3.31460E-05
       127
  1.85764E-03 -1.32798E-03  8.86179E-02  5.12817E-02  2.04162E-02  3.22288E-05
       128
  1.49481E-03 -1.12704E-03  6.10887E-02  3.58505E-02  1.97106E-02  9.26633E-05
       129
  1.17086E-03 -7.84516E-04  3.51755E-02  1.97459E-02  1.74736E-02  1.38751E-04
       130
  2.16211E-03 -1.35498E-03  2.21506E-01  6.88641E-02  4.03914E-02  1.06175E-04
       131
  1.54857E-03 -9.35828E-04  1.39456E-01  4.78397E-02  3.94773E-02  8.21474E-05
       132
  8.25786E-04 -5.09325E-04  5.97723E-02  2.61189E-02  3.71028E-02  1.36418E-04
       133
  1.27323E-02 -3.07211E-03 -7.05196E-02  6.89449E-04 -4.19255E-02 -3.53903E-04
       134
  1.40026E-02 -1.81552E-03  2.95952E-02 -1.49683E-02 -3.15430E-02  1.28120E-03
       135
  1.61300E-02 -4.55828E-05  1.01983E-01 -3.19212E-02 -2.15502E-02 -1.52875E-03
       136
  9.98845E-03 -2.95247E-03 -4.74136E-02 -1.32168E-05 -2.42925E-02  7.88191E-04
       137
  1.04392E-02 -2.17394E-03 -3.78217E-03 -8.68645E-03 -1.85590E-02  1.36365E-03
       138
  1.10984E-02 -1.17938E-03  2.49755E-02 -1.53461E-02 -9.67948E-03  1.12980E-03
       139
  6.32257E-03 -2.24909E-03 -3.05321E-02  3.53439E-03 -1.08094E-02  7.41978E-04
       140
  6.11092E-03 -2.03242E-03 -1.69748E-02 -8.64443E-04 -9.16876E-03  1.60516E-03
       141
  5.92377E-03 -1.68267E-03 -5.63398E-03 -2.74463E-03 -7.65499E-03  9.90174E-04
       142
  3.00129E-03 -1.53651E-03 -1.44723E-02  5.44985E-03 -5.17046E-04  3.62778E-04
       143
  2.89820E-03 -1.62609E-03 -1.36926E-02  3.52065E-03 -1.86870E-03  5.83205E-04
       144
  2.61528E-03 -1.48797E-03 -1.20774E-02  1.09111E-03 -2.87255E-03  8.68609E-04
       145
  1.49872E-02  1.27565E-03  7.21979E-02 -3.20719E-02 -4.35066E-03  1.98243E-03
       146
  1.32617E-02  2.72452E-03  2.54581E-02 -2.47340E-02  9.77449E-03  2.11835E-03
       147
  1.04209E-02  5.15402E-03 -2.44823E-02 -8.18780E-03  2.40685E-02  3.03097E-03
       148
  9.82260E-03 -3.64478E-04  1.88862E-02 -1.33764E-02 -7.73037E-04  2.36611E-03
       149
  8.19331E-03  1.61211E-03  1.49331E-03 -4.93249E-03  1.11403E-02  3.11916E-03
       150
  4.29781E-03  4.60667E-03 -2.46662E-02  5.85244E-03  1.94535E-02  2.69936E-03
       151
  4.23788E-03 -6.67579E-04  5.09733E-04 -2.96469E-03 -1.31037E-04  2.30573E-03
       153
  1.79069E-03  3.28391E-03 -2.16782E-02 -3.37790E-03  2.00967E-02  1.30190E-03
       154
  1.80206E-03 -3.32829E-04 -2.82261E-03  1.40951E-03 -5.56416E-03  7.14526E-04
       155
  2.30423E-03  9.78103E-04 -2.04172E-03 -1.99351E-03  5.73211E-03  2.72617E-04
       156
  2.59956E-03  2.25189E-03 -3.43498E-02 -1.41875E-02  2.35452E-02  3.00246E-04
       157
  1.71621E-03 -1.40710E-03 -9.92460E-03  5.11981E-03 -6.35935E-03  6.64313E-04
       158
  1.22412E-03 -6.55751E-04 -1.60116E-03  2.69221E-03 -2.77352E-04  4.53455E-04
       160
  1.38058E-03  8.29448E-04 -1.84576E-02 -1.77590E-03  2.24705E-02  3.93539E-04
       161
  1.38793E-03 -1.32109E-03 -4.99491E-03  9.35359E-03 -4.35560E-03  3.17494E-04
       162
  9.28832E-04 -7.41564E-04  9.24505E-03  1.26368E-02  3.89439E-03  2.08730E-04
       163
  8.75077E-04 -3.41055E-04  8.28924E-03  1.03784E-03  1.39597E-02  1.47765E-04
       165
  1.90172E-02  3.92592E-03  1.49567E-01 -6.10595E-02 -1.00669E-02  2.97545E-03
       166
  2.18911E-02  7.96980E-03  1.63345E-01 -9.75454E-02  8.07492E-04  2.65575E-03
       167
  2.46303E-02  1.29223E-02  1.02314E-01 -1.01868E-01  1.53743E-02 -8.74433E-04
       168
  2.67705E-02  1.81845E-02 -1.38123E-02 -8.63033E-02  2.68985E-02  3.09639E-03
       169
  1.70639E-02  4.49860E-03  6.92413E-02 -4.64144E-02  6.67949E-03  1.67460E-03
       170
  1.91188E-02  7.85542E-03  4.54822E-02 -5.84405E-02  1.36294E-02  2.78862E-03
       171
  2.08842E-02  1.12027E-02 -4.95488E-03 -6.92010E-02  1.73200E-02  1.83379E-03
       172
  2.24423E-02  1.49710E-02 -7.43922E-02 -7.13835E-02  2.13353E-02  2.00259E-03
       173
  1.45451E-02  5.49044E-03  4.65492E-03 -2.79642E-02  1.68221E-02  2.33546E-03
       174
  1.60369E-02  7.64430E-03 -2.78037E-02 -3.89015E-02  2.47006E-02  1.64505E-03
       175
  1.74367E-02  9.67383E-03 -7.13794E-02 -4.87181E-02  2.53019E-02  1.64361E-03
       176
  1.86322E-02  1.20085E-02 -1.17909E-01 -5.46268E-02  2.34302E-02  1.76327E-03
       177
  1.19990E-02  6.30662E-03 -4.89951E-02 -1.76310E-02  3.58041E-02  1.89586E-03
       178
  1.32658E-02  7.20879E-03 -7.92975E-02 -2.93957E-02  3.86619E-02  1.49526E-03
       179
  1.42727E-02  8.19970E-03 -1.09770E-01 -3.87194E-02  3.68387E-02  1.48002E-03
       180
  1.51273E-02  9.29872E-03 -1.37575E-01 -4.48038E-02  3.25824E-02  1.56363E-03
       181
  3.87788E-03  2.88860E-03 -5.78427E-02 -2.09269E-02  3.32917E-02  7.18592E-04
       182
  4.97286E-03  3.95953E-03 -8.84909E-02 -1.97445E-02  4.22064E-02  1.18285E-03
       183
  5.98325E-03  5.09282E-03 -1.25655E-01 -2.35085E-02  5.06569E-02  1.48580E-03
       184
  6.88473E-03  6.35299E-03 -1.68212E-01 -2.37373E-02  5.53516E-02  1.76217E-03
       185
  1.87175E-03  1.93361E-03 -6.86420E-02 -1.07570E-02  3.96054E-02  7.41813E-04
       186
  2.52591E-03  3.52320E-03 -1.41322E-01 -2.46741E-02  5.35805E-02  1.09704E-03
       187
  3.20702E-03  5.80131E-03 -2.25915E-01 -2.77066E-02  5.80209E-02  1.46724E-03
       188
  3.84344E-03  8.60513E-03 -3.16787E-01 -3.03938E-02  6.08854E-02  1.77522E-03
       189
  3.84050E-04  1.26914E-03 -7.93995E-02 -3.09866E-02  6.09391E-02  6.05986E-04
       190
  4.26996E-04  3.53626E-03 -2.16943E-01 -3.88115E-02  5.89714E-02  1.01211E-03
       191
  3.87488E-04  6.91425E-03 -3.51396E-01 -4.13816E-02  6.22299E-02  1.46214E-03
       192
  3.57253E-04  1.13932E-02 -4.92832E-01 -4.18541E-02  6.34468E-02  1.89193E-03
       193
  2.77409E-02  2.30592E-02 -1.25495E-01 -7.64246E-02  3.25810E-02  9.98315E-04
       194
  2.79697E-02  2.85358E-02 -2.43731E-01 -7.25496E-02  3.52566E-02  4.03917E-03
       195
  2.78903E-02  3.45592E-02 -3.65996E-01 -7.16843E-02  3.69852E-02  1.16014E-03
       196
  2.72676E-02  4.10792E-02 -4.90603E-01 -7.00969E-02  3.77297E-02  3.98065E-03
       197
  2.35291E-02  1.85285E-02 -1.42871E-01 -6.94800E-02  2.73562E-02  2.14527E-03
       198
  2.42297E-02  2.24182E-02 -2.21204E-01 -6.78011E-02  3.23458E-02  2.29793E-03
       199
  2.44391E-02  2.67008E-02 -3.06711E-01 -6.79926E-02  3.53240E-02  2.45079E-03
       200
  2.44855E-02  3.13210E-02 -3.96641E-01 -6.93014E-02  3.68456E-02  2.56821E-03
       201
  1.96169E-02  1.43419E-02 -1.58456E-01 -5.69537E-02  2.37481E-02  1.86994E-03
       202
  2.05011E-02  1.68602E-02 -2.01967E-01 -5.78490E-02  2.73344E-02  1.93168E-03
       203
  2.12459E-02  1.95377E-02 -2.50829E-01 -5.86734E-02  3.15104E-02  2.12620E-03
       204
  2.15065E-02  2.24369E-02 -3.04874E-01 -6.04760E-02  3.47944E-02  2.27489E-03
       205
  1.59255E-02  1.05222E-02 -1.62002E-01 -4.79514E-02  2.82058E-02  1.63635E-03
       206
  1.67036E-02  1.18597E-02 -1.83437E-01 -4.93156E-02  2.52364E-02  1.61757E-03
       207
  1.74970E-02  1.32859E-02 -2.03645E-01 -4.96633E-02  2.52483E-02  1.16948E-03
       208
  1.84745E-02  1.47635E-02 -2.24651E-01 -4.95643E-02  2.72703E-02  1.30501E-03
       209
  7.67351E-03  7.76321E-03 -2.14001E-01 -2.48843E-02  5.87720E-02  2.00108E-03
       210
  8.38446E-03  9.35134E-03 -2.60565E-01 -2.36369E-02  5.75021E-02  2.23715E-03
       211
  9.03725E-03  1.11316E-02 -3.06416E-01 -2.41334E-02  5.70387E-02  2.59568E-03
       212
  9.85763E-03  1.32326E-02 -3.51451E-01 -2.62938E-02  5.54955E-02  2.91400E-03
       213
  4.37492E-03  1.16538E-02 -4.02923E-01 -3.03664E-02  6.01601E-02  2.03481E-03
       214
  4.84987E-03  1.50575E-02 -4.89893E-01 -3.40028E-02  6.19419E-02  2.24874E-03
       215
  5.28415E-03  1.87141E-02 -5.77392E-01 -3.90746E-02  6.11024E-02  2.31371E-03
       216
  5.40910E-03  2.22372E-02 -6.63576E-01 -4.44903E-02  6.02357E-02  2.32032E-03
       217
  3.01251E-04  1.62280E-02 -6.28123E-01 -4.74184E-02  6.81348E-02  2.18263E-03
       218
  2.20408E-04  2.15527E-02 -7.66510E-01 -5.23477E-02  6.68831E-02  2.33213E-03
       219
  2.96109E-05  2.68262E-02 -9.02370E-01 -5.62430E-02  6.59639E-02  2.41116E-03
       220
 -1.82032E-04  3.21482E-02 -1.03601E+00 -6.06272E-02  6.47223E-02  2.48118E-03
       221
  1.76469E-02  1.44536E-02 -2.59779E-01 -3.77531E-02  3.09065E-02  1.80494E-03
       222
  1.83227E-02  2.22964E-02 -3.88278E-01 -5.40475E-02  3.87050E-02  2.28155E-03
       223
  1.92318E-02  3.13726E-02 -5.36767E-01 -6.38537E-02  4.14057E-02  2.58834E-03
       224
  1.98587E-02  4.12802E-02 -6.88797E-01 -7.34461E-02  4.04816E-02 -1.08568E-02
       225
  1.61062E-02  1.41798E-02 -2.87241E-01 -3.06451E-02  3.70427E-02  2.14783E-03
       226
  1.51916E-02  2.22948E-02 -4.62991E-01 -4.81677E-02  4.42382E-02  2.32208E-03
       227
  1.41640E-02  3.15299E-02 -6.66738E-01 -5.97124E-02  4.69090E-02  2.54132E-03
       228
  1.28233E-02  4.14920E-02 -8.82056E-01 -6.83291E-02  4.69966E-02  1.34498E-02
       229
  1.43102E-02  1.39134E-02 -3.10161E-01 -2.65521E-02  4.35004E-02  2.32485E-03
       230
  1.18614E-02  2.22969E-02 -5.31683E-01 -4.49348E-02  5.05092E-02  2.39831E-03
       231
  9.23735E-03  3.17290E-02 -7.90326E-01 -5.64745E-02  5.30638E-02  2.49443E-03
       232
  6.34846E-03  4.17945E-02 -1.07001E+00 -6.70808E-02  5.43304E-02  6.09143E-03
       233
  1.23239E-02  1.36679E-02 -3.30862E-01 -2.51969E-02  4.99473E-02  2.58432E-03
       234
  8.42882E-03  2.22287E-02 -5.97623E-01 -4.39056E-02  5.59967E-02  2.36189E-03
       235
  4.54788E-03  3.19347E-02 -9.10600E-01 -5.61857E-02  5.89305E-02  2.48575E-03
       236
 -2.91558E-05  4.22495E-02 -1.25788E+00 -6.84723E-02  6.20238E-02 -5.33177E-03
       237
  1.98271E-02  3.29167E-02 -5.83778E-01 -6.78184E-02  3.88925E-02  6.32130E-04
       238
 -2.18129E-03 -3.18431E-03 -6.73466E-01 -6.32710E-02  3.98752E-02 -2.34390E-03
       239
  1.27198E-02  3.42712E-02 -7.76951E-01 -7.83739E-02  3.89511E-02 -5.73951E-03
       240
 -7.49451E-03  1.70282E-03 -8.61377E-01 -8.38935E-02  3.90038E-02  1.36539E-03
       241
  5.15479E-03  3.53974E-02 -9.71952E-01 -7.25626E-02  4.72065E-02  8.89579E-03
       242
 -1.71915E-02  7.20110E-03 -1.06020E+00 -7.75971E-02  4.79531E-02  5.82625E-03
       243
 -1.33250E-03  3.65939E-02 -1.16050E+00 -7.16688E-02  5.45498E-02  2.60566E-03
       244
 -2.36364E-02  1.23887E-02 -1.24997E+00 -7.63559E-02  5.61406E-02  3.63883E-03
       245
 -7.76491E-03  3.79501E-02 -1.34901E+00 -7.30463E-02  6.30505E-02 -1.40463E-03
       246
 -2.98897E-02  1.75253E-02 -1.43883E+00 -7.66693E-02  6.34228E-02  2.32268E-03
       247
 -7.10933E-02 -2.47391E-02 -1.53498E+00 -7.65346E-02  6.29801E-02  9.10963E-03
       248
 -5.94303E-02 -2.92442E-02 -1.33434E+00 -8.17482E-02  5.80315E-02  4.29914E-03
       249
 -4.70074E-02 -3.38628E-02 -1.13048E+00 -8.36588E-02  4.83696E-02  4.65332E-03
       250
 -3.14742E-02 -3.88579E-02 -9.21158E-01 -8.26298E-02  4.09286E-02  1.16506E-02
       251
 -2.39464E-02 -4.29266E-02 -7.27770E-01 -6.27959E-02  3.89180E-02 -1.17151E-03
       252
 -1.29082E-01 -8.78882E-02 -1.62225E+00 -7.88893E-02  6.40503E-02  6.23011E-03
       253
 -1.10297E-01 -9.03492E-02 -1.41354E+00 -8.48077E-02  5.95227E-02  9.25152E-03
       254
 -8.74052E-02 -9.26534E-02 -1.19664E+00 -8.72469E-02  4.94503E-02  1.00088E-02
       255
 -6.40976E-02 -9.39758E-02 -9.78888E-01 -8.62671E-02  4.16237E-02  9.46559E-03
       256
 -5.02182E-02 -9.43020E-02 -7.78141E-01 -7.34048E-02  3.67163E-02 -6.31016E-03
       257
 -5.42805E-02 -7.30226E-02 -6.73532E-01 -5.51822E-02  4.05525E-02 -1.26985E-03
       258
 -2.79670E-02 -3.94719E-02 -6.73486E-01 -4.16645E-02 -1.34707E-02 -3.70433E-03
       259
 -5.20623E-02 -8.45858E-02 -7.26015E-01 -5.83673E-02  4.04115E-02 -1.57392E-02
       260
 -3.78962E-02 -6.42655E-02 -7.26903E-01 -5.48075E-02  1.24135E-02 -8.88181E-03
       261
 -1.58249E-02 -2.58841E-02 -5.82794E-01 -6.20889E-02  3.95689E-02  3.86077E-03
       262
 -5.17191E-02 -8.27528E-02 -5.81897E-01 -6.36501E-02  3.99058E-02  9.25291E-03
       263
 -1.06223E-02 -2.72357E-02 -4.90536E-01 -6.66951E-02  3.80654E-02  4.52159E-03
       264
 -4.88433E-02 -9.45866E-02 -4.90577E-01 -6.81942E-02  3.85635E-02  5.03131E-03
       265
 -4.44526E-02 -1.10546E-01 -3.66084E-01 -7.11462E-02  3.59898E-02  7.52674E-03
       266
 -4.11784E-02 -1.22086E-01 -2.43798E-01 -7.67857E-02  3.43215E-02  2.79553E-03
       267
 -3.53015E-02 -1.33463E-01 -1.25878E-01 -7.83582E-02  3.12840E-02  7.75916E-03
       268
 -2.51487E-02 -1.64363E-01 -1.47427E-02 -8.84946E-02  2.84334E-02  1.84255E-02
       269
 -8.41339E-03 -3.81110E-02 -3.65980E-01 -7.31224E-02  3.62028E-02  4.02645E-03
       270
 -6.46057E-03 -4.56223E-02 -2.43639E-01 -7.52187E-02  3.47111E-02  2.75267E-03
       271
 -4.17831E-03 -5.47995E-02 -1.25548E-01 -7.82788E-02  3.20439E-02  5.60667E-03
       272
  2.02824E-03 -7.23514E-02 -1.38788E-02 -9.31898E-02  2.51091E-02  9.40367E-03
       273
  3.80921E-02 -3.26621E-02  1.01642E-01 -3.29963E-02 -2.16356E-02 -7.27779E-03
       274
  2.94585E-02 -6.33347E-02  1.49255E-01 -7.13664E-02 -1.00843E-02 -1.43116E-02
       275
  2.12756E-02 -1.01477E-01  1.63010E-01 -1.16718E-01  5.31246E-04 -7.13948E-03
       276
  1.26498E-02 -9.86062E-02  1.02137E-01 -1.17310E-01  1.08696E-02  8.06462E-03
       277
  5.99241E-02 -6.58568E-02  9.99985E-02 -3.29071E-02 -2.14187E-02 -1.45200E-02
       278
  3.97313E-02 -1.36727E-01  1.47672E-01 -7.39567E-02 -1.02504E-02 -3.35845E-02
       279
  2.05970E-02 -2.22295E-01  1.61535E-01 -1.22112E-01 -5.77397E-03 -1.85500E-02
       280
  3.28296E-03 -2.19622E-01  1.00767E-01 -1.23700E-01  1.49874E-02  1.98433E-02
       281
  6.47831E-02  1.49121E-02 -1.98625E-01  1.99251E-02 -5.33188E-02 -7.26665E-03
       282
  5.53152E-02 -1.97027E-03 -7.10200E-02  1.41606E-03 -4.18587E-02 -5.67428E-03
       283
  4.64264E-02 -1.71140E-02  2.91645E-02 -1.53967E-02 -3.20277E-02 -5.43094E-03
       284
  1.17444E-01  3.50654E-02 -2.00485E-01  2.01455E-02 -5.33504E-02 -1.47358E-02
       285
  9.77284E-02 -6.65507E-04 -7.27839E-02  1.17497E-03 -4.22025E-02 -1.19343E-02
       286
  7.86162E-02 -3.24038E-02  2.74572E-02 -1.50543E-02 -3.20100E-02 -1.12386E-02
       287
  1.08301E-01  1.33931E-01 -1.01078E+00  1.37879E-01 -1.00103E-01 -1.34976E-02
       288
  9.27280E-02  8.70086E-02 -6.82040E-01  9.29459E-02 -8.27521E-02 -1.23429E-02
       289
  7.82273E-02  4.63077E-02 -4.13216E-01  5.22168E-02 -6.25461E-02 -9.94631E-03
       290
  2.08685E-01  2.72328E-01 -1.01311E+00  1.37786E-01 -1.00054E-01 -2.61347E-02
       291
  1.75698E-01  1.80286E-01 -6.84216E-01  9.28488E-02 -8.27408E-02 -2.42939E-02
       292
  1.45350E-01  9.88848E-02 -4.15206E-01  5.24328E-02 -6.69391E-02 -2.01525E-02
      1001
 -6.60591E-02 -9.28317E-02 -6.85091E-01 -7.31469E-02  3.82371E-02  6.66512E-03
      1002
 -6.79636E-02 -8.21403E-02 -7.68620E-01 -7.78827E-02  3.75516E-02  6.62637E-03
      1003
 -6.99693E-02 -7.10197E-02 -8.51657E-01 -8.60177E-02  3.50263E-02  6.64862E-03
      1004
 -8.41629E-02 -9.15328E-02 -8.88468E-01 -7.49816E-02  4.57638E-02  6.88673E-03
      1005
 -8.56828E-02 -8.10263E-02 -9.76228E-01 -8.06476E-02  4.62239E-02  6.93994E-03
      1006
 -8.72832E-02 -7.02018E-02 -1.06733E+00 -8.67020E-02  4.82208E-02  6.98444E-03
      1007
 -1.02814E-01 -9.01645E-02 -1.08788E+00 -6.95518E-02  5.51187E-02  6.98825E-03
      1008
 -1.03803E-01 -8.01003E-02 -1.17954E+00 -7.46381E-02  5.68046E-02  7.04055E-03
      1009
 -1.04803E-01 -6.99032E-02 -1.27414E+00 -7.97123E-02  5.82056E-02  7.04986E-03
      1010
 -1.21406E-01 -8.86898E-02 -1.27289E+00 -6.34957E-02  6.47197E-02  6.92609E-03
      1011
 -1.21962E-01 -7.95512E-02 -1.36594E+00 -6.75063E-02  6.54195E-02  6.94747E-03
      1012
 -1.22443E-01 -6.99300E-02 -1.46090E+00 -7.14620E-02  6.72153E-02  7.03189E-03
      1013
 -5.38583E-02 -1.63852E-01 -2.23437E-01 -5.09032E-02  2.81575E-02  8.21808E-03
      1014
 -5.66415E-02 -1.44076E-01 -3.23425E-01 -6.05746E-02  3.52125E-02  7.70602E-03
      1015
 -5.98809E-02 -1.26303E-01 -4.39740E-01 -6.49728E-02  3.92588E-02  7.17944E-03
      1016
 -6.30419E-02 -1.09354E-01 -5.61990E-01 -6.82405E-02  3.91534E-02  6.86352E-03
      1017
 -7.60919E-02 -1.62540E-01 -3.59922E-01 -4.03570E-02  4.32985E-02  7.28881E-03
      1018
 -7.83658E-02 -1.44079E-01 -4.85664E-01 -4.97680E-02  4.57966E-02  7.28349E-03
      1019
 -8.02598E-02 -1.25910E-01 -6.17577E-01 -5.83379E-02  4.63911E-02  7.13598E-03
      1020
 -8.22195E-02 -1.08510E-01 -7.51874E-01 -6.64361E-02  4.61815E-02  6.96134E-03
      1021
 -9.76422E-02 -1.61936E-01 -4.67685E-01 -3.24442E-02  5.68295E-02  7.12315E-03
      1022
 -9.90378E-02 -1.43616E-01 -6.23422E-01 -4.39012E-02  5.80799E-02  7.10499E-03
      1023
 -1.00336E-01 -1.25478E-01 -7.80445E-01 -5.43020E-02  5.65952E-02  7.05202E-03
      1024
 -1.01506E-01 -1.07701E-01 -9.33877E-01 -6.22700E-02  5.44951E-02  6.98748E-03
      1025
 -1.18917E-01 -1.61488E-01 -5.61248E-01 -3.18610E-02  7.94032E-02  7.08771E-03
      1026
 -1.19745E-01 -1.43064E-01 -7.62046E-01 -5.09510E-02  6.97540E-02  7.01798E-03
      1027
 -1.20189E-01 -1.24939E-01 -9.38093E-01 -5.49826E-02  6.06364E-02  6.99022E-03
      1028
 -1.20707E-01 -1.06736E-01 -1.10157E+00 -5.58860E-02  6.08995E-02  6.99932E-03
      2001
  3.79952E-02  1.68984E-01 -3.00033E+00  4.49210E-01 -2.01653E-01 -3.52446E-03
      2002
  1.71923E-01  4.85472E-01 -3.31845E+00  4.67763E-01 -2.02826E-01 -1.62806E-02
      2003
  3.64935E-01  9.50691E-01 -3.60411E+00  4.78508E-01 -1.99956E-01  5.49462E-03
      2004
  2.01168E-01  5.14881E-01 -3.00023E+00  4.14650E-01 -2.01875E-01 -1.50447E-02
      2005
  2.68119E-01  6.75789E-01 -3.15940E+00  4.32886E-01 -2.01839E-01 -4.10195E-02
      2006
  3.64728E-01  9.20426E-01 -3.30245E+00  4.58103E-01 -2.01813E-01 -3.82192E-02
      2007
  3.64336E-01  8.47915E-01 -3.00026E+00  4.14615E-01 -1.97499E-01 -1.59001E-02
      2008
 -1.96997E-02  3.63218E-02 -2.74849E+00  4.54518E-01 -2.03663E-01 -6.54500E-03
      2009
  1.71903E-01  4.49934E-01 -2.74712E+00  4.20908E-01 -2.01467E-01  1.48752E-03
      2010
  3.63309E-01  8.54388E-01 -2.74611E+00  4.35345E-01 -2.03575E-01  1.78055E-02
      2011
 -3.92870E-02 -8.13857E-03 -2.49190E+00  4.52227E-01 -1.98250E-01  1.06236E-02
      2012
  1.61244E-01  4.30062E-01 -2.49142E+00  4.28203E-01 -2.00518E-01  2.81563E-03
      2013
  3.62344E-01  8.67655E-01 -2.49141E+00  4.49439E-01 -2.02230E-01  7.01610E-03
      2014
 -1.85244E-02  8.30494E-03 -4.20214E-01  3.29328E-01 -1.68979E-01  2.82259E-02
      2015
 -2.80747E-02  5.77918E-03 -9.05745E-01  4.41218E-01 -1.93973E-01 -2.86362E-02
      2016
 -3.34827E-02  3.07156E-03 -1.42517E+00  4.35338E-01 -1.93484E-01  2.46677E-02
      2017
 -3.70797E-02 -1.63040E-03 -1.95663E+00  4.46760E-01 -1.95634E-01 -1.08193E-02
      2018
  1.48005E-01  4.35049E-01 -4.20446E-01  5.03878E-01 -1.70390E-01 -5.72250E-02
      2019
  1.60819E-01  4.78670E-01 -9.06087E-01  4.91758E-01 -1.90321E-01  1.69163E-02
      2020
  1.61607E-01  4.40941E-01 -1.42461E+00  4.37718E-01 -1.97724E-01  7.60215E-03
      2021
  1.62315E-01  4.41514E-01 -1.95668E+00  4.39400E-01 -2.00405E-01  1.09592E-03
      2022
  3.27223E-01  9.86841E-01 -4.24548E-01  5.75690E-01 -1.94737E-01 -9.75467E-02
      2023
  3.46433E-01  9.85559E-01 -9.07477E-01  5.10101E-01 -1.86199E-01  8.60538E-02
      2024
  3.61068E-01  8.78530E-01 -1.42486E+00  4.32881E-01 -1.97694E-01 -9.30058E-03
      2025
  3.59323E-01  8.94433E-01 -1.95685E+00  4.67682E-01 -1.96304E-01  7.19990E-03
      2026
  6.25343E-03 -1.97516E-03  7.61676E-01  1.87734E-01 -5.64232E-02 -1.60557E-02
      2027
  6.11286E-03 -1.83113E-03  5.76260E-01  2.12852E-01 -6.86779E-02  2.72015E-02
      2028
  5.67822E-03 -1.23364E-03  3.35501E-01  2.70290E-01 -7.76363E-02 -3.18004E-02
      2029
 -3.68453E-03  9.14901E-04  2.73140E-02  1.17806E-01 -1.19748E-01 -2.49978E-03
      2030
  6.13323E-02  1.89052E-01  7.60826E-01  1.94006E-01 -5.29789E-02 -8.80120E-05
      2031
  7.90814E-02  2.20424E-01  5.75091E-01  2.26782E-01 -7.17310E-02 -1.17889E-02
      2032
  9.82850E-02  2.24623E-01  3.35488E-01  1.86666E-01 -8.93777E-02  8.92264E-03
      2033
  1.25557E-01  2.21421E-01  2.51666E-02  3.03521E-01 -1.25795E-01 -4.60538E-02
      2034
  1.16373E-01  3.90539E-01  7.58044E-01  2.06364E-01 -5.50274E-02 -1.21979E-02
      2035
  1.50417E-01  4.40583E-01  5.72040E-01  2.13087E-01 -7.13785E-02 -1.12741E-02
      2036
  1.91380E-01  4.13324E-01  3.31788E-01  1.87817E-01 -9.28702E-02  2.86180E-02
      2037
  2.48912E-01  5.41850E-01  1.91066E-02  3.25121E-01 -1.25048E-01 -1.54391E-01
      2038
  6.85222E-03 -3.86794E-03  1.03654E+00  1.81413E-01 -1.60101E-02  2.61173E-03
      2039
  6.71413E-03 -2.70175E-03  9.79240E-01  1.87380E-01 -2.80436E-02 -5.55387E-03
      2040
  6.37551E-03 -2.37631E-03  8.88829E-01  1.94573E-01 -3.77936E-02  8.29422E-03
      2041
  2.25730E-02  1.76808E-01  1.03584E+00  1.78414E-01 -1.54601E-02 -6.39478E-03
      2042
  3.44849E-02  1.84367E-01  9.78540E-01  1.85880E-01 -2.74558E-02 -7.57661E-04
      2043
  4.74619E-02  1.92783E-01  8.88014E-01  1.93360E-01 -4.40754E-02 -3.22885E-03
      2044
  3.80604E-02  3.54617E-01  1.03368E+00  1.76017E-01 -1.54244E-02 -9.81535E-03
      2045
  6.20735E-02  3.72941E-01  9.76240E-01  1.89646E-01 -2.74418E-02 -5.29505E-03
      2046
  8.78691E-02  3.83100E-01  8.85520E-01  1.86170E-01 -4.03021E-02  2.56914E-04
      2047
  6.98398E-03 -6.12921E-03  1.02591E+00  1.33894E-01  1.66960E-02 -6.53382E-04
      2048
  7.05020E-03 -5.56891E-03  1.05823E+00  1.46802E-01  6.25375E-03  2.74755E-04
      2049
  6.96846E-03 -4.79359E-03  1.06242E+00  1.60965E-01 -3.86007E-03 -1.55813E-03
      2050
 -9.53100E-03  1.28513E-01  1.02529E+00  1.34339E-01  1.66318E-02 -4.40726E-03
      2051
  5.40156E-04  1.42267E-01  1.05759E+00  1.47576E-01  6.66057E-03 -5.62909E-03
      2052
  1.12448E-02  1.57545E-01  1.06173E+00  1.62482E-01 -4.09380E-03 -6.07178E-03
      2053
 -2.62646E-02  2.63589E-01  1.02349E+00  1.34700E-01  1.66596E-02 -8.85537E-03
      2054
 -6.17832E-03  2.90200E-01  1.05565E+00  1.47114E-01  6.68869E-03 -1.05074E-02
      2055
  1.53421E-02  3.21339E-01  1.05968E+00  1.63744E-01 -4.06970E-03 -1.27466E-02
      2056
  3.45359E-03 -6.14952E-03 -2.43644E-01  1.23448E-01 -2.57625E-02 -2.80665E-04
      2057
  3.06031E-03 -5.83316E-03 -2.70606E-01  1.31972E-01 -3.05688E-02 -3.54636E-04
      2058
  2.68742E-03 -5.45102E-03 -3.02533E-01  1.43248E-01 -3.61588E-02 -4.71111E-04
      2059
  2.21988E-03 -4.83478E-03 -3.40212E-01  1.59476E-01 -4.27153E-02 -6.09704E-04
      2060
  4.07855E-03 -6.29459E-03  1.62114E-01  1.25890E-01 -7.33706E-03 -2.68611E-04
      2061
  3.73654E-03 -5.85591E-03  1.46429E-01  1.33804E-01 -1.32889E-02 -3.47676E-04
      2062
  3.31416E-03 -5.32152E-03  1.21846E-01  1.40561E-01 -1.88337E-02 -3.78360E-04
      2063
  2.87755E-03 -4.93855E-03  9.11653E-02  1.44346E-01 -2.11076E-02 -3.75607E-04
      2064
  5.14711E-03 -6.26984E-03  5.83936E-01  1.27728E-01  5.08208E-03 -3.16728E-04
      2065
  5.00780E-03 -5.76649E-03  5.85776E-01  1.35966E-01 -3.80119E-03 -3.87541E-04
      2066
  4.76692E-03 -5.22270E-03  5.68310E-01  1.44236E-01 -1.29762E-02 -4.44739E-04
      2067
  4.46585E-03 -4.60223E-03  5.29668E-01  1.50165E-01 -2.34951E-02 -5.05231E-04
      2068
  5.81935E-03 -3.01279E-03 -1.40363E+00  1.86555E-01 -1.16607E-01 -9.56170E-04
      2069
  3.57441E-03 -3.01399E-03 -1.86660E+00  2.53898E-01 -1.36515E-01 -3.03585E-04
      2070
  6.80524E-04 -2.77405E-03 -2.40619E+00  3.48089E-01 -1.58709E-01 -1.68095E-03
      2071
  6.07082E-03 -3.31488E-03 -1.18686E+00  1.74514E-01 -1.03065E-01 -1.98644E-05
      2072
  4.06657E-03 -3.19025E-03 -1.49837E+00  2.19226E-01 -1.14187E-01  3.14332E-04
      2073
  2.13534E-03 -3.15162E-03 -1.84328E+00  2.79564E-01 -1.26933E-01  2.05586E-04
      2074
  6.50973E-03 -3.67390E-03 -9.88373E-01  1.64307E-01 -9.06312E-02 -1.68850E-04
      2075
  4.79068E-03 -3.39167E-03 -1.18366E+00  1.91863E-01 -9.76145E-02  1.59849E-04
      2076
  3.23886E-03 -3.41524E-03 -1.39102E+00  2.25319E-01 -1.03007E-01  3.31546E-04
      2077
  7.23745E-03 -4.16797E-03 -8.06490E-01  1.55021E-01 -7.90415E-02 -2.81453E-04
      2078
  5.99686E-03 -3.72193E-03 -9.10896E-01  1.70335E-01 -8.35037E-02  1.87031E-04
      2079
  4.55956E-03 -3.59708E-03 -1.01952E+00  1.88199E-01 -8.66338E-02  9.45074E-04
      2080
  3.00195E-03 -3.62926E-03 -8.75418E-01  1.88306E-01 -7.91837E-02  8.06975E-04
      2081
  2.28784E-03 -3.96283E-03 -1.04359E+00  2.14515E-01 -8.00349E-02  2.70399E-04
      2082
  9.86021E-04 -3.63472E-03 -1.20665E+00  2.51558E-01 -7.71898E-02  6.86083E-05
      2083
 -3.17577E-04 -3.23334E-03 -1.35274E+00  3.07407E-01 -6.93899E-02 -3.81287E-05
      2084
  2.30453E-03 -3.80005E-03 -7.33360E-01  1.83627E-01 -7.36249E-02  3.81641E-04
      2085
  1.51023E-03 -4.17440E-03 -7.17287E-01  1.99260E-01 -6.00105E-02  1.02622E-04
      2086
  7.05581E-04 -3.93528E-03 -6.51600E-01  2.12631E-01 -4.28481E-02 -1.58131E-04
      2087
 -1.44370E-04 -3.32037E-03 -5.21755E-01  2.10412E-01 -9.86082E-03 -3.31170E-04
      2088
  1.91417E-03 -4.06158E-03 -5.95831E-01  1.76936E-01 -6.51997E-02  7.67617E-05
      2089
  1.56305E-03 -4.40267E-03 -4.19129E-01  1.79835E-01 -4.44644E-02 -1.54496E-04
      2090
  1.41612E-03 -4.17109E-03 -1.95843E-01  1.69931E-01 -2.05465E-02 -3.57273E-04
      2091
  1.53024E-03 -3.45555E-03  2.15675E-02  1.31067E-01 -1.52210E-02 -5.47565E-04
      2092
  1.87900E-03 -4.36526E-03 -4.64761E-01  1.66700E-01 -5.70622E-02 -2.97220E-04
      2093
  2.15692E-03 -4.72087E-03 -1.49750E-01  1.62127E-01 -2.76263E-02 -2.94555E-04
      2094
  2.79189E-03 -4.42113E-03  1.77501E-01  1.43733E-01 -2.33915E-02 -4.75108E-04
      2095
  4.26791E-03 -3.72335E-03  4.88190E-01  1.58888E-01 -3.65072E-02 -6.56071E-04
      2096
 -1.16144E-03 -2.99329E-03 -1.56792E+00  3.48827E-01 -7.65385E-02 -7.82794E-05
      2097
 -1.41097E-03 -2.81506E-03 -7.13883E-01  2.84696E-01 -2.39621E-03 -1.59926E-04
      2098
 -4.07767E-04 -2.08225E-03 -8.57526E-02  1.49417E-01  2.98272E-02  3.41611E-04
      2099
 -9.23828E-04 -3.04543E-03 -8.53723E-01  2.77935E-01 -2.27805E-02 -1.56371E-04
      2100
 -8.40684E-04 -2.53793E-03 -3.75382E-01  2.23951E-01  1.45737E-02 -2.49698E-04
      2101
 -1.90501E-04 -1.61242E-03 -3.40723E-02  1.11909E-01  2.23299E-02 -8.12348E-05
      2102
 -3.76065E-04 -2.61878E-03 -3.17178E-01  1.94259E-01  1.76202E-02 -4.51045E-04
      2103
 -1.74257E-04 -1.88007E-03 -1.14491E-01  1.67774E-01  1.39395E-02 -4.19396E-05
      2104
  1.32901E-04 -1.39813E-03 -3.41802E-03  4.28829E-02  2.48226E-03 -7.17278E-04
      2105
  9.59907E-04 -2.78262E-03  6.80480E-03  9.19073E-02 -1.30579E-02 -1.04643E-03
      2107
  5.69196E-04 -1.76510E-03  1.81401E-02  6.74656E-02  2.42205E-02  3.88644E-04
      2108
  3.36611E-03 -2.75086E-03  2.90205E-01  1.55254E-01 -4.51109E-02 -8.40766E-04
      2109
  2.19836E-03 -1.56025E-03  1.06883E-01  1.51880E-01 -1.46830E-02 -6.47117E-04
      2110
  5.53335E-04 -1.19835E-03  3.92546E-02  3.63892E-02  3.78902E-02 -9.17321E-04
      2111
  5.21990E-03 -3.13855E-03  6.73443E-01  1.79881E-01 -2.85283E-02 -5.98821E-04
      2112
  3.35290E-03 -2.17395E-03  3.18924E-01  1.64230E-01 -2.47384E-02 -5.00042E-04
      2113
  1.45382E-03 -1.18892E-03  6.70196E-02  9.98277E-02  1.01500E-02 -6.41674E-04
      2114
  1.49479E-03 -1.57002E-03  7.34181E-02  9.51224E-02  8.05424E-03 -1.49721E-04
      2115
  1.39071E-03 -1.83805E-03  7.87935E-02  8.00560E-02  6.98844E-03 -1.32028E-04
      2116
  1.06422E-03 -2.12283E-03  7.77977E-02  5.13643E-02 -1.17246E-02 -2.42434E-04
      2117
  2.93905E-03 -1.87476E-03  2.95435E-01  1.46266E-01 -1.11771E-02 -4.35697E-04
      2118
  2.61540E-03 -2.03361E-03  2.71131E-01  1.29705E-01 -2.44691E-02 -4.14593E-04
      2119
  2.42883E-03 -1.91454E-03  2.27647E-01  1.29462E-01 -3.97243E-02 -5.22620E-04
      2120
  4.85777E-03 -2.40716E-03  6.15678E-01  1.85026E-01 -2.95763E-02 -6.00221E-04
      2121
  4.47257E-03 -2.18700E-03  5.50004E-01  1.72360E-01 -3.44144E-02 -5.62955E-04
      2122
  4.05410E-03 -2.01728E-03  4.69978E-01  1.64077E-01 -4.43452E-02 -6.43735E-04
      2123
 -1.69288E-03 -2.04263E-03 -2.86575E+00  4.42164E-01 -1.77553E-01 -2.07349E-04
      2124
 -5.21388E-03 -1.43545E-03 -3.37803E+00  5.61436E-01 -1.92985E-01 -1.10865E-03
      2125
 -1.04998E-02 -7.60199E-04 -3.95038E+00  6.95925E-01 -2.21886E-01  7.62892E-03
      2126
 -2.85741E-03 -2.72273E-03 -1.71775E+00  4.15895E-01 -6.97979E-02 -1.30175E-04
      2127
 -4.83040E-03 -2.65805E-03 -1.85161E+00  4.98162E-01 -5.82413E-02 -1.41902E-04
      2128
 -7.00530E-03 -2.32362E-03 -1.96373E+00  6.16891E-01 -4.92531E-02 -6.81591E-04
      2129
 -1.93377E-03 -2.81920E-03 -7.06841E-01  2.99795E-01  1.29692E-02 -2.26869E-04
      2130
 -2.55050E-03 -2.94902E-03 -6.70127E-01  3.19520E-01  4.08426E-02 -1.13168E-03
      2131
 -3.14143E-03 -2.76560E-03 -5.94232E-01  3.32626E-01  6.85975E-02 -6.66040E-04
      2132
 -5.83828E-04 -2.74501E-03 -6.35199E-02  1.51092E-01  3.36835E-02  3.23734E-05
      2133
 -7.38795E-04 -2.90080E-03 -4.15925E-02  1.35871E-01  2.87422E-02 -3.39733E-04
      2134
 -7.76117E-04 -2.69053E-03 -2.13734E-02  1.09990E-01  2.75984E-02 -7.59640E-04
      2135
 -1.19595E-02 -5.12281E-04 -3.10785E+00  7.75308E-01 -1.88421E-01 -1.31232E-03
      2136
 -1.17979E-02  2.78820E-04 -2.15876E+00  8.01427E-01 -1.99155E-01 -1.73828E-03
      2137
 -9.68528E-03  2.14803E-03 -1.20877E+00  8.18696E-01 -2.05532E-01 -2.65823E-03
      2138
 -7.48860E-03 -1.83718E-03 -1.34022E+00  6.66926E-01 -2.05180E-02 -2.13369E-03
      2139
 -6.79678E-03 -3.42249E-04 -7.07332E-01  7.03915E-01 -1.11777E-01 -2.91941E-03
      2140
 -3.44453E-03  2.29576E-03 -3.94157E-01  3.54003E-01 -1.56758E-01 -2.46837E-03
      2141
 -2.76774E-03 -2.00473E-03 -2.28544E-01  2.72698E-01  1.33455E-01 -1.87249E-03
      2143
 -1.26062E-03  1.04169E-03 -6.66702E-02  9.89387E-02 -8.12562E-02 -4.14862E-04
      2144
 -6.74673E-04 -1.06469E-03  1.48184E-02 -1.63627E-02 -7.07020E-03 -6.90978E-04
      2145
 -1.47021E-03  1.17040E-04  1.85116E-04  1.39678E-02 -1.54998E-02 -8.19259E-05
      2146
 -3.20768E-03  4.52277E-04 -3.53417E-02 -2.74965E-02 -1.71612E-02  9.84554E-05
      2147
 -1.52247E-04 -2.49805E-03  2.51516E-02  4.00345E-02 -1.40461E-02 -7.06973E-04
      2148
  1.68856E-05 -1.42055E-03  1.55289E-02  2.10185E-02 -2.59252E-02 -7.19966E-04
      2150
 -1.20873E-03 -7.71136E-04 -1.77617E-02  2.90562E-02 -3.16760E-02 -3.23303E-04
      2151
  3.67168E-04 -2.34645E-03  4.94253E-02  3.20400E-02 -1.03365E-02 -6.06105E-04
      2152
  1.29987E-03 -1.65454E-03  8.44449E-02  6.35443E-02 -3.52416E-02 -6.28421E-04
      2153
  1.86098E-03 -1.52204E-03  1.47806E-01  1.24979E-01 -5.36057E-02 -6.52369E-04
      2154
  2.77344E-03 -1.59661E-03  2.61640E-01  1.49383E-01 -4.71400E-02 -6.46512E-04
      2155
 -1.74117E-02  1.91654E-03 -4.66292E+00  7.55070E-01 -2.47866E-01 -6.07380E-03
      2156
 -2.39571E-02  3.74371E-03 -5.45767E+00  6.84176E-01 -2.82553E-01 -1.80518E-03
      2157
 -2.78121E-02  7.40372E-03 -6.06917E+00  6.03404E-01 -2.98507E-01  1.71438E-03
      2158
 -2.86080E-02  8.62087E-03 -6.59889E+00  5.37861E-01 -2.95224E-01 -3.76987E-03
      2159
 -1.61153E-02  1.61034E-03 -3.63121E+00  8.21151E-01 -2.68962E-01 -1.43715E-03
      2160
 -1.96979E-02  3.57237E-03 -4.31761E+00  7.90650E-01 -3.35895E-01 -3.00550E-03
      2161
 -2.23435E-02  5.85075E-03 -4.90749E+00  7.02853E-01 -3.59831E-01 -1.78994E-03
      2162
 -2.41032E-02  7.49999E-03 -5.43204E+00  6.24244E-01 -3.47958E-01 -1.48006E-03
      2163
 -1.38726E-02  2.21674E-03 -2.53685E+00  8.52063E-01 -2.89871E-01 -2.28249E-03
      2164
 -1.62643E-02  3.37291E-03 -3.06117E+00  8.33064E-01 -3.90695E-01 -1.34946E-03
      2165
 -1.84592E-02  4.63200E-03 -3.58044E+00  7.70620E-01 -4.23422E-01 -1.31072E-03
      2166
 -2.01682E-02  6.01319E-03 -4.07402E+00  7.01727E-01 -4.18586E-01 -1.23765E-03
      2167
 -1.19976E-02  2.49653E-03 -1.43715E+00  8.82275E-01 -3.55681E-01 -1.43770E-03
      2168
 -1.38889E-02  2.78650E-03 -1.75826E+00  8.58520E-01 -4.40232E-01 -1.05415E-03
      2169
 -1.54314E-02  3.38858E-03 -2.12937E+00  8.20041E-01 -4.81374E-01 -1.07313E-03
      2170
 -1.67524E-02  4.23834E-03 -2.52189E+00  7.74680E-01 -4.92172E-01 -1.05366E-03
      2171
 -5.18361E-03  6.07561E-04 -8.64464E-02  1.23338E-02 -1.12973E-01 -7.09746E-04
      2172
 -7.04904E-03  2.06828E-03 -2.07411E-01  5.80432E-02 -1.87077E-01 -1.31825E-03
      2173
 -8.40237E-03  2.87034E-03 -3.78648E-01  9.65898E-02 -2.40991E-01 -1.20310E-03
      2174
 -1.00797E-02  4.14724E-03 -5.92760E-01  1.55542E-01 -2.81468E-01 -1.50970E-03
      2175
 -2.40407E-03 -4.01367E-04 -4.53863E-02 -1.88779E-03 -5.82739E-03 -6.87472E-04
      2176
 -4.01770E-03  9.12742E-05 -7.62261E-02  5.92844E-02 -3.23348E-02 -1.21830E-03
      2177
 -7.02234E-03  2.66666E-03 -1.87911E-01  1.74109E-01 -1.21872E-01 -1.93346E-03
      2178
 -8.92831E-03  5.22851E-03 -4.92769E-01  2.56426E-01 -2.60041E-01 -1.37871E-03
      2179
  1.52117E-03 -1.45920E-03  1.14427E-01  1.05716E-01 -8.51752E-02 -9.54870E-04
      2182
 -9.47942E-03  7.40660E-03 -4.79855E-01  1.22000E-01 -3.85139E-01 -1.05871E-03
      2183
 -2.77195E-02  8.71649E-03 -7.05249E+00  5.02757E-01 -2.90614E-01  2.55282E-03
      2184
 -2.56867E-02  7.65117E-03 -7.50833E+00  4.79208E-01 -2.82181E-01 -5.71478E-04
      2185
 -2.31639E-02  5.82079E-03 -7.95532E+00  4.59846E-01 -2.72518E-01 -4.29608E-04
      2186
 -2.24335E-02  2.75218E-03 -8.39148E+00  4.46928E-01 -2.67262E-01  4.85631E-03
      2187
 -2.47003E-02  8.20292E-03 -5.87728E+00  5.67150E-01 -3.30791E-01 -1.19696E-03
      2188
 -2.45538E-02  8.31220E-03 -6.31168E+00  5.21792E-01 -3.16083E-01 -8.90179E-04
      2189
 -2.36656E-02  7.81663E-03 -6.73273E+00  4.89586E-01 -3.01162E-01 -5.95208E-04
      2190
 -2.24123E-02  6.63962E-03 -7.13488E+00  4.69042E-01 -2.86695E-01 -2.26809E-04
      2191
 -2.13541E-02  7.01238E-03 -4.51522E+00  6.46575E-01 -3.98472E-01 -1.06576E-03
      2192
 -2.21946E-02  7.64515E-03 -4.93793E+00  5.97599E-01 -3.76647E-01 -8.74522E-04
      2193
 -2.26447E-02  7.99627E-03 -5.34112E+00  5.55144E-01 -3.57047E-01 -8.27992E-04
      2194
 -2.24653E-02  8.17941E-03 -5.72493E+00  5.20608E-01 -3.37632E-01 -7.18691E-04
      2195
 -1.78890E-02  5.14499E-03 -2.91607E+00  7.30431E-01 -4.83727E-01 -9.13141E-04
      2196
 -1.89190E-02  5.93594E-03 -3.29994E+00  6.90498E-01 -4.65700E-01 -5.23002E-04
      2197
 -1.98789E-02  6.52842E-03 -3.66833E+00  6.54277E-01 -4.44812E-01  2.97269E-04
      2198
 -2.08362E-02  6.93083E-03 -4.02053E+00  6.21422E-01 -4.25094E-01 -2.19654E-05
      2199
 -1.11925E-02  5.32723E-03 -8.30549E-01  2.51558E-01 -3.04953E-01 -1.44236E-03
      2200
 -1.25107E-02  6.91171E-03 -1.13327E+00  2.71248E-01 -4.38904E-01 -1.45025E-03
      2201
 -1.37445E-02  7.93947E-03 -1.51151E+00  3.09754E-01 -4.92535E-01 -1.02547E-03
      2202
 -1.48641E-02  8.25762E-03 -1.91192E+00  3.60281E-01 -4.93681E-01 -9.90065E-04
      2203
 -1.14612E-02  7.84130E-03 -9.98493E-01  2.44407E-01 -4.35136E-01 -9.11679E-04
      2204
 -1.36526E-02  8.78099E-03 -1.60221E+00  2.84759E-01 -4.05557E-01 -1.64001E-04
      2205
 -1.56148E-02  8.62077E-03 -2.15363E+00  3.35860E-01 -3.61631E-01  2.55777E-04
      2206
 -1.74050E-02  8.19513E-03 -2.64807E+00  3.72271E-01 -3.25282E-01  3.49476E-04
      2207
 -1.51844E-02  8.63767E-03 -1.17069E+00  2.33511E-01 -2.90352E-01  6.32977E-04
      2208
 -2.00448E-02  7.25780E-03 -1.73697E+00  3.46379E-01 -2.59266E-01  1.26165E-03
      2209
 -2.39251E-02  5.34462E-03 -2.25701E+00  4.08549E-01 -2.41688E-01  1.64289E-03
      2210
 -2.69846E-02  2.41763E-03 -2.74359E+00  4.48801E-01 -2.26418E-01  1.93771E-03
      2211
 -2.05642E-02  7.04120E-03 -3.52807E+00  5.91346E-01 -4.51272E-01 -5.91135E-04
      2212
 -2.03506E-02  8.25278E-03 -5.02086E+00  5.08224E-01 -3.67830E-01 -5.19846E-04
      2213
 -2.03927E-02  5.94086E-03 -6.22966E+00  4.66917E-01 -2.97649E-01  6.32762E-05
      2214
 -1.97195E-02  1.48597E-03 -7.24542E+00  4.66529E-01 -2.66432E-01 -3.61161E-02
      2215
 -1.94518E-02  7.32841E-03 -3.06159E+00  5.57938E-01 -4.74849E-01 -8.11334E-04
      2216
 -1.90992E-02  8.40526E-03 -4.34908E+00  4.78537E-01 -3.84828E-01 -2.85228E-04
      2217
 -1.91845E-02  5.37534E-03 -5.33721E+00  4.59508E-01 -3.00706E-01  4.86014E-04
      2218
 -1.92139E-02 -5.12745E-04 -6.07733E+00  4.68175E-01 -2.54566E-01  1.28348E-02
      2219
 -1.82897E-02  7.69029E-03 -2.62765E+00  5.12027E-01 -4.95813E-01 -8.50661E-04
      2220
 -1.79615E-02  8.51080E-03 -3.72751E+00  4.38634E-01 -3.84859E-01 -1.30745E-04
      2221
 -1.96446E-02  4.75760E-03 -4.46359E+00  4.46932E-01 -2.86724E-01  1.05966E-03
      2222
 -2.24045E-02 -3.12066E-03 -4.89553E+00  4.71733E-01 -2.39331E-01  3.38596E-02
      2223
 -1.68075E-02  8.04805E-03 -2.23894E+00  4.47530E-01 -5.07916E-01 -1.02837E-03
      2224
 -1.72765E-02  8.48064E-03 -3.16465E+00  3.96149E-01 -3.63091E-01  1.42941E-04
      2225
 -2.20478E-02  3.72151E-03 -3.60787E+00  4.42240E-01 -2.60006E-01  1.69340E-03
      2226
 -3.01092E-02 -5.73507E-03 -3.69023E+00  4.89846E-01 -2.22360E-01 -9.75759E-02
      2227
  2.60836E-02  8.62648E-02 -8.71090E+00  4.39395E-01 -2.66944E-01 -8.53801E-03
      2228
  1.75918E-01  3.46931E-01 -9.01680E+00  4.21537E-01 -2.61661E-01 -2.19497E-02
      2229
  2.58684E-02  7.71687E-02 -7.56214E+00  4.79665E-01 -2.69223E-01 -3.28515E-02
      2230
  1.64971E-01  3.14551E-01 -7.87199E+00  4.93220E-01 -2.74891E-01 -9.45105E-03
      2231
  1.83472E-02  6.73294E-02 -6.37392E+00  4.76836E-01 -2.50373E-01  1.40791E-02
      2232
  1.31457E-01  2.78564E-01 -6.66120E+00  4.84697E-01 -2.57009E-01  1.45794E-02
      2233
  9.22678E-03  5.66306E-02 -5.17952E+00  4.80247E-01 -2.38072E-01  9.69318E-03
      2234
  1.03043E-01  2.42190E-01 -5.45234E+00  4.94507E-01 -2.36773E-01  5.61019E-04
      2235
 -5.75136E-03  4.58416E-02 -3.95793E+00  4.97852E-01 -2.16679E-01 -8.53459E-03
      2236
  6.56680E-02  2.05303E-01 -4.21196E+00  5.09522E-01 -2.15006E-01  9.65931E-03
      2237
  2.02530E-01  5.11804E-01 -4.51000E+00  5.03531E-01 -2.19124E-01  3.94523E-02
      2238
  2.49658E-01  5.39278E-01 -5.73332E+00  5.17249E-01 -2.33942E-01 -5.10901E-03
      2239
  2.86526E-01  5.65363E-01 -6.92890E+00  4.97684E-01 -2.62364E-01  1.01225E-02
      2240
  3.24932E-01  5.91138E-01 -8.10887E+00  4.86400E-01 -2.73304E-01  1.87456E-02
      2241
  3.27725E-01  6.12960E-01 -9.20906E+00  4.13642E-01 -2.66050E-01 -2.06111E-02
      2242
  3.98186E-01  9.53832E-01 -4.77769E+00  5.17535E-01 -2.16391E-01  1.99547E-02
      2243
  4.48965E-01  9.57045E-01 -5.98016E+00  5.21850E-01 -2.33369E-01  2.30674E-02
      2244
  4.96575E-01  9.56021E-01 -7.16757E+00  5.10358E-01 -2.63169E-01  1.76423E-02
      2245
  5.30246E-01  9.50961E-01 -8.31605E+00  4.90527E-01 -2.75280E-01  9.70599E-03
      2246
  5.22679E-01  9.44982E-01 -9.38124E+00  4.42727E-01 -2.75026E-01 -4.19244E-02
      2247
  5.00830E-01  8.39149E-01 -9.01641E+00  3.77504E-01 -2.56658E-01 -2.02460E-02
      2248
  3.39859E-01  6.00291E-01 -9.01650E+00  3.66694E-01 -3.32035E-01 -2.37169E-02
      2249
  5.12802E-01  8.94208E-01 -9.19730E+00  3.98476E-01 -2.61887E-01 -6.94163E-02
      2250
  4.20564E-01  7.55361E-01 -9.20313E+00  3.57150E-01 -4.99955E-01 -4.83362E-02
      2251
  2.66777E-01  4.77728E-01 -8.70738E+00  4.19427E-01 -2.62516E-01  2.31872E-03
      2252
  5.05055E-01  8.54025E-01 -8.70381E+00  4.06476E-01 -2.56008E-01  2.60037E-02
      2253
  2.45192E-01  4.46025E-01 -8.39124E+00  4.34796E-01 -2.66527E-01  6.42803E-03
      2254
  5.10370E-01  8.74017E-01 -8.39093E+00  4.16685E-01 -2.64744E-01 -1.82945E-03
      2255
  5.18299E-01  9.01050E-01 -7.95526E+00  4.13607E-01 -2.57019E-01  2.55766E-02
      2256
  5.39834E-01  9.68135E-01 -7.50812E+00  4.81579E-01 -2.83198E-01  2.84458E-02
      2257
  5.42332E-01  9.81722E-01 -7.05306E+00  4.77012E-01 -2.82996E-01 -1.69759E-02
      2258
  5.36819E-01  9.92614E-01 -6.60086E+00  4.28977E-01 -3.21966E-01  2.61571E-02
      2259
  2.50671E-01  4.64960E-01 -7.95550E+00  4.52826E-01 -2.74522E-01  1.06436E-02
      2260
  2.55930E-01  4.87680E-01 -7.50850E+00  4.75824E-01 -2.82181E-01  6.39777E-03
      2261
  2.58207E-01  5.02052E-01 -7.05269E+00  4.80369E-01 -2.84880E-01  6.13538E-03
      2262
  2.58404E-01  5.25245E-01 -6.59944E+00  4.93137E-01 -2.84991E-01  1.18601E-02
      2263
  2.14521E-01  6.88039E-01 -3.95124E+00  6.77440E-01 -2.23729E-01 -3.42957E-02
      2264
  2.34443E-01  7.32520E-01 -4.66390E+00  7.04979E-01 -2.52346E-01  9.07025E-03
      2265
  2.53415E-01  6.59833E-01 -5.45846E+00  6.31698E-01 -2.75916E-01  3.06327E-02
      2266
  2.59510E-01  5.82042E-01 -6.06979E+00  5.47639E-01 -2.80323E-01  2.26590E-02
      2267
  4.39211E-01  1.36789E+00 -3.95506E+00  6.77999E-01 -2.24647E-01 -6.87598E-02
      2268
  4.87340E-01  1.43331E+00 -4.66772E+00  6.94410E-01 -2.51649E-01  3.03356E-02
      2269
  5.30449E-01  1.28769E+00 -5.46162E+00  6.23967E-01 -2.55581E-01  5.59009E-02
      2270
  5.42081E-01  1.12336E+00 -6.07198E+00  5.35623E-01 -2.81755E-01  5.48869E-02
      2271
  1.62939E-01  3.49990E-01 -2.40703E+00  3.54275E-01 -1.59526E-01 -3.13502E-02
      2272
  1.79095E-01  4.46231E-01 -2.86660E+00  4.50356E-01 -1.79730E-01 -4.00244E-02
      2273
  1.96323E-01  5.65650E-01 -3.37890E+00  5.67881E-01 -2.00045E-01 -4.76565E-02
      2274
  3.24791E-01  7.06166E-01 -2.41004E+00  3.54935E-01 -1.59802E-01 -6.13504E-02
      2275
  3.59512E-01  8.99062E-01 -2.86988E+00  4.51395E-01 -1.79783E-01 -8.03410E-02
      2276
  3.97645E-01  1.13600E+00 -3.38250E+00  5.68385E-01 -2.00620E-01 -9.27383E-02
      2277
  1.25029E-01  1.85916E-01 -1.40433E+00  1.89614E-01 -1.18666E-01 -1.63096E-02
      2278
  1.43196E-01  2.54700E-01 -1.86734E+00  2.59269E-01 -1.44536E-01 -2.24326E-02
      2279
  2.44073E-01  3.76622E-01 -1.40684E+00  1.90124E-01 -1.18654E-01 -3.22048E-02
      2280
  2.82425E-01  5.15201E-01 -1.87009E+00  2.59456E-01 -1.38836E-01 -4.45724E-02
      3001
  4.78507E-01  8.71748E-01 -7.37762E+00  4.08324E-01 -2.52095E-01  1.17282E-02
      3002
  4.75655E-01  8.54213E-01 -7.68561E+00  4.23398E-01 -2.60655E-01  1.16497E-02
      3003
  4.72266E-01  8.34731E-01 -8.00496E+00  4.48134E-01 -2.72408E-01  1.18305E-02
      3004
  4.46149E-01  8.70584E-01 -6.29409E+00  4.60332E-01 -2.31507E-01  1.16925E-02
      3005
  4.43729E-01  8.53299E-01 -6.55997E+00  4.83241E-01 -2.38156E-01  1.18756E-02
      3006
  4.41356E-01  8.35093E-01 -6.83218E+00  5.01963E-01 -2.45309E-01  1.19728E-02
      3007
  4.14255E-01  8.69099E-01 -5.05804E+00  5.15371E-01 -2.08918E-01  1.11396E-02
      3008
  4.13089E-01  8.53527E-01 -5.29311E+00  5.26551E-01 -2.14964E-01  1.12122E-02
      3009
  4.12085E-01  8.37533E-01 -5.53289E+00  5.44192E-01 -2.17716E-01  1.12479E-02
      3010
  3.85649E-01  8.67972E-01 -3.73473E+00  5.19025E-01 -1.98148E-01  9.99748E-03
      3011
  3.85193E-01  8.55036E-01 -3.96484E+00  5.24618E-01 -1.96130E-01  9.87175E-03
      3012
  3.84939E-01  8.41013E-01 -4.18919E+00  5.32617E-01 -1.88467E-01  1.00408E-02
      3013
  4.98094E-01  9.90751E-01 -5.53239E+00  2.98990E-01 -2.84031E-01  1.25198E-02
      3014
  4.93148E-01  9.59794E-01 -6.07360E+00  3.64246E-01 -2.53587E-01  1.24345E-02
      3015
  4.88265E-01  9.29504E-01 -6.51883E+00  3.83811E-01 -2.24901E-01  1.22690E-02
      3016
  4.82982E-01  9.00117E-01 -6.92839E+00  3.83434E-01 -2.33090E-01  1.22065E-02
      3017
  4.61192E-01  9.89600E-01 -4.56639E+00  3.51854E-01 -2.11326E-01  1.23365E-02
      3018
  4.57192E-01  9.58480E-01 -5.00231E+00  3.87385E-01 -2.17469E-01  1.22817E-02
      3019
  4.53229E-01  9.27690E-01 -5.43201E+00  4.10935E-01 -2.16853E-01  1.21774E-02
      3020
  4.49401E-01  8.98327E-01 -5.85395E+00  4.37828E-01 -2.20507E-01  1.18228E-02
      3021
  4.23883E-01  9.89187E-01 -3.40574E+00  4.22124E-01 -1.82564E-01  1.26373E-02
      3022
  4.21518E-01  9.56544E-01 -3.80533E+00  4.43412E-01 -1.92207E-01  1.26494E-02
      3023
  4.18228E-01  9.25102E-01 -4.21396E+00  4.69928E-01 -1.96388E-01  1.20172E-02
      3024
  4.16159E-01  8.96484E-01 -4.62707E+00  4.87994E-01 -2.02026E-01  1.14093E-02
      3025
  3.85696E-01  9.89706E-01 -2.03176E+00  4.88965E-01 -1.64238E-01  1.50345E-02
      3026
  3.82303E-01  9.53066E-01 -2.43772E+00  4.99751E-01 -1.81175E-01  1.31338E-02
      3027
  3.83677E-01  9.23190E-01 -2.86047E+00  5.01052E-01 -1.80136E-01  1.15261E-02
      3028
  3.84766E-01  8.94838E-01 -3.28173E+00  5.18392E-01 -1.85192E-01  1.05360E-02
      4009
 -1.40057E-01 -1.42878E-01 -9.21536E-01 -5.89302E-02  6.68997E-02  6.88636E-03
      4010
 -1.39886E-01 -1.24323E-01 -1.09856E+00 -5.69037E-02  6.55232E-02  7.00365E-03
      4011
 -3.90503E-02 -1.27209E-01 -2.49049E-01 -6.75439E-02  3.34960E-02  7.20834E-03
      4012
 -3.29712E-02 -1.44680E-01 -1.31676E-01 -6.98614E-02  3.59580E-02  7.88952E-03
      5001
  3.42638E-01  9.54352E-01 -9.49183E-01  5.24167E-01 -1.95815E-01  1.28270E-02
      5002
  3.51372E-01  9.23191E-01 -1.45535E+00  5.04056E-01 -1.84950E-01  1.14200E-02
      5003
  5.23399E-01  9.30944E-01 -7.55336E+00  3.80571E-01 -2.40022E-01  1.23770E-02
      5004
  5.29822E-01  9.60423E-01 -7.12367E+00  3.79513E-01 -2.66986E-01  1.26739E-02
    -1
